--
-- PostgreSQL database dump
--

-- Dumped from database version 15.0
-- Dumped by pg_dump version 15.0

SET statement_timeout = 0;
SET lock_timeout = 0;
SET idle_in_transaction_session_timeout = 0;
SET client_encoding = 'UTF8';
SET standard_conforming_strings = on;
SELECT pg_catalog.set_config('search_path', '', false);
SET check_function_bodies = false;
SET xmloption = content;
SET client_min_messages = warning;
SET row_security = off;

SET default_tablespace = '';

SET default_table_access_method = heap;

--
-- Name: alembic_version; Type: TABLE; Schema: public; Owner: postgres
--

CREATE TABLE public.alembic_version (
    version_num character varying(32) NOT NULL
);


ALTER TABLE public.alembic_version OWNER TO postgres;

--
-- Name: cast_member; Type: TABLE; Schema: public; Owner: postgres
--

CREATE TABLE public.cast_member (
    memberid integer NOT NULL,
    dateofbirth date NOT NULL,
    created_at timestamp without time zone DEFAULT now() NOT NULL,
    updated_at timestamp without time zone DEFAULT now() NOT NULL,
    membername character varying(100) NOT NULL,
    countrycode character varying NOT NULL,
    professionid integer NOT NULL
);


ALTER TABLE public.cast_member OWNER TO postgres;

--
-- Name: cast_member_memberid_seq; Type: SEQUENCE; Schema: public; Owner: postgres
--

CREATE SEQUENCE public.cast_member_memberid_seq
    AS integer
    START WITH 1
    INCREMENT BY 1
    NO MINVALUE
    NO MAXVALUE
    CACHE 1;


ALTER TABLE public.cast_member_memberid_seq OWNER TO postgres;

--
-- Name: cast_member_memberid_seq; Type: SEQUENCE OWNED BY; Schema: public; Owner: postgres
--

ALTER SEQUENCE public.cast_member_memberid_seq OWNED BY public.cast_member.memberid;


--
-- Name: cinema_session; Type: TABLE; Schema: public; Owner: postgres
--

CREATE TABLE public.cinema_session (
    sessionid integer NOT NULL,
    movieid integer NOT NULL,
    hallid integer NOT NULL,
    sessiondate date NOT NULL,
    sessiontime interval NOT NULL,
    ticketfee numeric NOT NULL,
    currencycode character varying(3) NOT NULL,
    created_at timestamp without time zone DEFAULT now() NOT NULL,
    updated_at timestamp without time zone DEFAULT now() NOT NULL
);


ALTER TABLE public.cinema_session OWNER TO postgres;

--
-- Name: cinema_session_sessionid_seq; Type: SEQUENCE; Schema: public; Owner: postgres
--

CREATE SEQUENCE public.cinema_session_sessionid_seq
    AS integer
    START WITH 1
    INCREMENT BY 1
    NO MINVALUE
    NO MAXVALUE
    CACHE 1;


ALTER TABLE public.cinema_session_sessionid_seq OWNER TO postgres;

--
-- Name: cinema_session_sessionid_seq; Type: SEQUENCE OWNED BY; Schema: public; Owner: postgres
--

ALTER SEQUENCE public.cinema_session_sessionid_seq OWNED BY public.cinema_session.sessionid;


--
-- Name: cinema_user; Type: TABLE; Schema: public; Owner: postgres
--

CREATE TABLE public.cinema_user (
    userid uuid NOT NULL,
    userlogin character varying(50) NOT NULL,
    userpassword character varying(70) NOT NULL,
    username character varying(100) NOT NULL,
    useremail character varying(50) NOT NULL,
    userrole boolean NOT NULL,
    userphoto text,
    created_at timestamp without time zone DEFAULT now() NOT NULL,
    updated_at timestamp without time zone DEFAULT now() NOT NULL
);


ALTER TABLE public.cinema_user OWNER TO postgres;

--
-- Name: country; Type: TABLE; Schema: public; Owner: postgres
--

CREATE TABLE public.country (
    countrycode character varying NOT NULL,
    countryname character varying(50) NOT NULL,
    created_at timestamp without time zone DEFAULT now() NOT NULL,
    updated_at timestamp without time zone DEFAULT now() NOT NULL
);


ALTER TABLE public.country OWNER TO postgres;

--
-- Name: genre; Type: TABLE; Schema: public; Owner: postgres
--

CREATE TABLE public.genre (
    genreid integer NOT NULL,
    genrename character varying(50) NOT NULL,
    created_at timestamp without time zone DEFAULT now() NOT NULL,
    updated_at timestamp without time zone DEFAULT now() NOT NULL
);


ALTER TABLE public.genre OWNER TO postgres;

--
-- Name: genre_genreid_seq; Type: SEQUENCE; Schema: public; Owner: postgres
--

CREATE SEQUENCE public.genre_genreid_seq
    AS integer
    START WITH 1
    INCREMENT BY 1
    NO MINVALUE
    NO MAXVALUE
    CACHE 1;


ALTER TABLE public.genre_genreid_seq OWNER TO postgres;

--
-- Name: genre_genreid_seq; Type: SEQUENCE OWNED BY; Schema: public; Owner: postgres
--

ALTER SEQUENCE public.genre_genreid_seq OWNED BY public.genre.genreid;


--
-- Name: hall; Type: TABLE; Schema: public; Owner: postgres
--

CREATE TABLE public.hall (
    hallid integer NOT NULL,
    hallname character varying(50) NOT NULL,
    rowamount integer NOT NULL,
    seatamount integer NOT NULL,
    created_at timestamp without time zone DEFAULT now() NOT NULL,
    updated_at timestamp without time zone DEFAULT now() NOT NULL
);


ALTER TABLE public.hall OWNER TO postgres;

--
-- Name: hall_hallid_seq; Type: SEQUENCE; Schema: public; Owner: postgres
--

CREATE SEQUENCE public.hall_hallid_seq
    AS integer
    START WITH 1
    INCREMENT BY 1
    NO MINVALUE
    NO MAXVALUE
    CACHE 1;


ALTER TABLE public.hall_hallid_seq OWNER TO postgres;

--
-- Name: hall_hallid_seq; Type: SEQUENCE OWNED BY; Schema: public; Owner: postgres
--

ALTER SEQUENCE public.hall_hallid_seq OWNED BY public.hall.hallid;


--
-- Name: movie; Type: TABLE; Schema: public; Owner: postgres
--

CREATE TABLE public.movie (
    movieid integer NOT NULL,
    moviename character varying(100) NOT NULL,
    durationtime interval NOT NULL,
    releaseyear integer NOT NULL,
    agerate character varying(3) NOT NULL,
    moviephoto text,
    created_at timestamp without time zone DEFAULT now() NOT NULL,
    updated_at timestamp without time zone DEFAULT now() NOT NULL
);


ALTER TABLE public.movie OWNER TO postgres;

--
-- Name: movie_cast; Type: TABLE; Schema: public; Owner: postgres
--

CREATE TABLE public.movie_cast (
    movieid integer NOT NULL,
    memberid integer NOT NULL
);


ALTER TABLE public.movie_cast OWNER TO postgres;

--
-- Name: movie_countries; Type: TABLE; Schema: public; Owner: postgres
--

CREATE TABLE public.movie_countries (
    movieid integer NOT NULL,
    countrycode character varying NOT NULL
);


ALTER TABLE public.movie_countries OWNER TO postgres;

--
-- Name: movie_genres; Type: TABLE; Schema: public; Owner: postgres
--

CREATE TABLE public.movie_genres (
    movieid integer NOT NULL,
    genreid integer NOT NULL
);


ALTER TABLE public.movie_genres OWNER TO postgres;

--
-- Name: movie_movieid_seq; Type: SEQUENCE; Schema: public; Owner: postgres
--

CREATE SEQUENCE public.movie_movieid_seq
    AS integer
    START WITH 1
    INCREMENT BY 1
    NO MINVALUE
    NO MAXVALUE
    CACHE 1;


ALTER TABLE public.movie_movieid_seq OWNER TO postgres;

--
-- Name: movie_movieid_seq; Type: SEQUENCE OWNED BY; Schema: public; Owner: postgres
--

ALTER SEQUENCE public.movie_movieid_seq OWNED BY public.movie.movieid;


--
-- Name: profession; Type: TABLE; Schema: public; Owner: postgres
--

CREATE TABLE public.profession (
    professionid integer NOT NULL,
    professionname character varying(50) NOT NULL,
    created_at timestamp without time zone DEFAULT now() NOT NULL,
    updated_at timestamp without time zone DEFAULT now() NOT NULL
);


ALTER TABLE public.profession OWNER TO postgres;

--
-- Name: profession_professionid_seq; Type: SEQUENCE; Schema: public; Owner: postgres
--

CREATE SEQUENCE public.profession_professionid_seq
    AS integer
    START WITH 1
    INCREMENT BY 1
    NO MINVALUE
    NO MAXVALUE
    CACHE 1;


ALTER TABLE public.profession_professionid_seq OWNER TO postgres;

--
-- Name: profession_professionid_seq; Type: SEQUENCE OWNED BY; Schema: public; Owner: postgres
--

ALTER SEQUENCE public.profession_professionid_seq OWNED BY public.profession.professionid;


--
-- Name: seat; Type: TABLE; Schema: public; Owner: postgres
--

CREATE TABLE public.seat (
    hallid integer NOT NULL,
    rownumber integer NOT NULL,
    seatnumber integer NOT NULL,
    created_at timestamp without time zone DEFAULT now() NOT NULL,
    updated_at timestamp without time zone DEFAULT now() NOT NULL
);


ALTER TABLE public.seat OWNER TO postgres;

--
-- Name: seat_status; Type: TABLE; Schema: public; Owner: postgres
--

CREATE TABLE public.seat_status (
    sessionid integer NOT NULL,
    rownumber integer NOT NULL,
    seatnumber integer NOT NULL,
    userid uuid,
    created_at timestamp without time zone DEFAULT now() NOT NULL,
    updated_at timestamp without time zone DEFAULT now() NOT NULL,
    hallid integer NOT NULL
);


ALTER TABLE public.seat_status OWNER TO postgres;

--
-- Name: cast_member memberid; Type: DEFAULT; Schema: public; Owner: postgres
--

ALTER TABLE ONLY public.cast_member ALTER COLUMN memberid SET DEFAULT nextval('public.cast_member_memberid_seq'::regclass);


--
-- Name: cinema_session sessionid; Type: DEFAULT; Schema: public; Owner: postgres
--

ALTER TABLE ONLY public.cinema_session ALTER COLUMN sessionid SET DEFAULT nextval('public.cinema_session_sessionid_seq'::regclass);


--
-- Name: genre genreid; Type: DEFAULT; Schema: public; Owner: postgres
--

ALTER TABLE ONLY public.genre ALTER COLUMN genreid SET DEFAULT nextval('public.genre_genreid_seq'::regclass);


--
-- Name: hall hallid; Type: DEFAULT; Schema: public; Owner: postgres
--

ALTER TABLE ONLY public.hall ALTER COLUMN hallid SET DEFAULT nextval('public.hall_hallid_seq'::regclass);


--
-- Name: movie movieid; Type: DEFAULT; Schema: public; Owner: postgres
--

ALTER TABLE ONLY public.movie ALTER COLUMN movieid SET DEFAULT nextval('public.movie_movieid_seq'::regclass);


--
-- Name: profession professionid; Type: DEFAULT; Schema: public; Owner: postgres
--

ALTER TABLE ONLY public.profession ALTER COLUMN professionid SET DEFAULT nextval('public.profession_professionid_seq'::regclass);


--
-- Data for Name: alembic_version; Type: TABLE DATA; Schema: public; Owner: postgres
--

COPY public.alembic_version (version_num) FROM stdin;
74ea779f3522
\.


--
-- Data for Name: cast_member; Type: TABLE DATA; Schema: public; Owner: postgres
--

COPY public.cast_member (memberid, dateofbirth, created_at, updated_at, membername, countrycode, professionid) FROM stdin;
3	1982-11-12	2025-11-09 19:41:13.418442	2025-11-09 19:41:13.418442	Ann Hathaway	US	1
4	1990-11-12	2025-11-29 12:39:02.606559	2025-11-29 12:39:02.606559	Yura Borisov	RU	1
6	1959-02-25	2026-01-13 12:33:15.642285	2026-01-13 12:33:15.642285	Alexey Balabanov	RU	2
7	1971-12-27	2026-01-13 12:34:52.14667	2026-01-13 12:34:52.14667	Sergey Bodrov	RU	1
8	1970-07-30	2026-01-14 11:44:15.81613	2026-01-14 11:44:15.81613	Christopher Nolan	UK	2
2	2025-10-29	2025-10-29 20:45:20.837633	2025-10-29 20:45:20.837633	Matthew McConaughey	US	1
\.


--
-- Data for Name: cinema_session; Type: TABLE DATA; Schema: public; Owner: postgres
--

COPY public.cinema_session (sessionid, movieid, hallid, sessiondate, sessiontime, ticketfee, currencycode, created_at, updated_at) FROM stdin;
2	2	4	2026-12-31	14:00:00	14	BYN	2025-11-11 17:34:49.03586	2025-11-11 17:34:49.03586
8	2	6	2026-12-31	17:30:00	11	BYN	2025-11-18 20:38:32.071479	2025-11-18 20:38:32.071479
11	2	6	2026-10-10	17:10:00	11	BYN	2026-01-08 12:34:12.23975	2026-01-08 12:34:12.23975
12	2	6	2026-10-10	11:10:00	11	BYN	2026-01-08 12:34:20.498634	2026-01-08 12:34:20.498634
13	6	4	2026-10-23	12:10:00	13	BYN	2026-01-13 12:40:22.655836	2026-01-13 12:40:22.655836
14	7	4	2026-07-25	13:40:00	11	BYN	2026-01-13 13:45:28.548273	2026-01-13 13:45:28.548273
\.


--
-- Data for Name: cinema_user; Type: TABLE DATA; Schema: public; Owner: postgres
--

COPY public.cinema_user (userid, userlogin, userpassword, username, useremail, userrole, userphoto, created_at, updated_at) FROM stdin;
187921cc-f5b9-44d9-93db-98fdeed2ea23	yakazlou	$2b$12$4.UTv9mp8HYX93g3gzjOMuAzS8V4OgyzgGRUVV23/PdnAde3mqaq6	Yury Kazlou	yureyb2018@gmail.com	t	yakazlou	2025-10-29 20:09:07.310347	2025-10-29 20:09:07.310347
bdfb6cc9-ba89-4250-bd7d-996a251c843f	yakazlou1234	$2b$12$PfSni7umZ5ITxkqrrq4TDenEtIDN7hQnmD3lj6OUgMOqdRVrwXFUO	Yury Kazlou	yura123@gmail.com	f	yakazlou	2025-10-29 20:11:18.641803	2026-02-19 11:59:54.377209
\.


--
-- Data for Name: country; Type: TABLE DATA; Schema: public; Owner: postgres
--

COPY public.country (countrycode, countryname, created_at, updated_at) FROM stdin;
BY	Belarus	2025-10-28 19:45:30.756007	2025-10-28 19:45:30.756007
LT	Lithuania	2025-10-28 19:45:30.756007	2025-10-28 19:45:30.756007
LV	Latvia	2025-10-28 19:45:30.756007	2025-10-28 19:45:30.756007
PL	Poland	2025-10-28 19:45:30.756007	2025-10-28 19:45:30.756007
US	USA	2025-10-28 19:45:30.756007	2025-10-28 19:45:30.756007
UK	United Kingdom	2025-10-28 19:45:30.756007	2025-10-28 19:45:30.756007
FR	France	2025-10-28 19:45:30.756007	2025-10-28 19:45:30.756007
RU	Russia	2025-10-28 20:42:06.501367	2025-10-28 20:42:06.501367
\.


--
-- Data for Name: genre; Type: TABLE DATA; Schema: public; Owner: postgres
--

COPY public.genre (genreid, genrename, created_at, updated_at) FROM stdin;
1	Horror	2025-11-03 20:36:00.853944	2025-11-03 20:36:00.853944
2	Drama	2025-11-03 20:36:00.853944	2025-11-03 20:36:00.853944
3	Comedy	2025-11-03 20:36:00.853944	2025-11-03 20:36:00.853944
4	Adventure	2025-11-03 20:36:00.853944	2025-11-03 20:36:00.853944
5	Criminal	2026-01-13 12:37:23.098286	2026-01-13 12:37:23.098286
\.


--
-- Data for Name: hall; Type: TABLE DATA; Schema: public; Owner: postgres
--

COPY public.hall (hallid, hallname, rowamount, seatamount, created_at, updated_at) FROM stdin;
4	Green Hall	20	20	2025-11-10 16:51:50.667856	2025-11-10 16:51:50.667856
6	Blue hall	11	11	2025-11-12 19:26:01.662719	2025-11-16 20:27:38.085063
12	Red hall	4	11	2026-03-15 20:54:35.35523	2026-03-15 20:54:35.35523
\.


--
-- Data for Name: movie; Type: TABLE DATA; Schema: public; Owner: postgres
--

COPY public.movie (movieid, moviename, durationtime, releaseyear, agerate, moviephoto, created_at, updated_at) FROM stdin;
6	Brother	01:36:00	1997	18+	brother	2026-01-13 12:37:51.260338	2026-01-13 12:37:51.260338
7	Brother 2	02:07:00	2000	18+	brother2	2026-01-13 13:41:49.530157	2026-01-13 13:41:49.530157
2	Interstellar	02:49:00	2014	18+	Interstellar	2025-11-03 21:21:31.895052	2026-01-14 11:54:43.922971
\.


--
-- Data for Name: movie_cast; Type: TABLE DATA; Schema: public; Owner: postgres
--

COPY public.movie_cast (movieid, memberid) FROM stdin;
2	2
2	3
6	6
6	7
7	7
7	6
2	8
\.


--
-- Data for Name: movie_countries; Type: TABLE DATA; Schema: public; Owner: postgres
--

COPY public.movie_countries (movieid, countrycode) FROM stdin;
2	US
6	RU
7	US
7	RU
2	UK
\.


--
-- Data for Name: movie_genres; Type: TABLE DATA; Schema: public; Owner: postgres
--

COPY public.movie_genres (movieid, genreid) FROM stdin;
6	2
6	5
7	5
7	2
2	4
2	2
\.


--
-- Data for Name: profession; Type: TABLE DATA; Schema: public; Owner: postgres
--

COPY public.profession (professionid, professionname, created_at, updated_at) FROM stdin;
1	Actor	2025-10-29 20:28:50.999589	2025-10-29 20:28:50.999589
2	Director	2025-10-29 20:28:50.999589	2025-10-29 20:28:50.999589
3	Copywriter	2025-10-29 20:28:50.999589	2025-10-29 20:28:50.999589
\.


--
-- Data for Name: seat; Type: TABLE DATA; Schema: public; Owner: postgres
--

COPY public.seat (hallid, rownumber, seatnumber, created_at, updated_at) FROM stdin;
4	1	1	2025-11-10 16:51:50.667856	2025-11-10 16:51:50.667856
4	1	2	2025-11-10 16:51:50.667856	2025-11-10 16:51:50.667856
4	1	3	2025-11-10 16:51:50.667856	2025-11-10 16:51:50.667856
4	1	4	2025-11-10 16:51:50.667856	2025-11-10 16:51:50.667856
4	1	5	2025-11-10 16:51:50.667856	2025-11-10 16:51:50.667856
4	1	6	2025-11-10 16:51:50.667856	2025-11-10 16:51:50.667856
4	1	7	2025-11-10 16:51:50.667856	2025-11-10 16:51:50.667856
4	1	8	2025-11-10 16:51:50.667856	2025-11-10 16:51:50.667856
4	1	9	2025-11-10 16:51:50.667856	2025-11-10 16:51:50.667856
4	1	10	2025-11-10 16:51:50.667856	2025-11-10 16:51:50.667856
4	1	11	2025-11-10 16:51:50.667856	2025-11-10 16:51:50.667856
4	1	12	2025-11-10 16:51:50.667856	2025-11-10 16:51:50.667856
4	1	13	2025-11-10 16:51:50.667856	2025-11-10 16:51:50.667856
4	1	14	2025-11-10 16:51:50.667856	2025-11-10 16:51:50.667856
4	1	15	2025-11-10 16:51:50.667856	2025-11-10 16:51:50.667856
4	1	16	2025-11-10 16:51:50.667856	2025-11-10 16:51:50.667856
4	1	17	2025-11-10 16:51:50.667856	2025-11-10 16:51:50.667856
4	1	18	2025-11-10 16:51:50.667856	2025-11-10 16:51:50.667856
4	1	19	2025-11-10 16:51:50.667856	2025-11-10 16:51:50.667856
4	1	20	2025-11-10 16:51:50.667856	2025-11-10 16:51:50.667856
4	2	1	2025-11-10 16:51:50.667856	2025-11-10 16:51:50.667856
4	2	2	2025-11-10 16:51:50.667856	2025-11-10 16:51:50.667856
4	2	3	2025-11-10 16:51:50.667856	2025-11-10 16:51:50.667856
4	2	4	2025-11-10 16:51:50.667856	2025-11-10 16:51:50.667856
4	2	5	2025-11-10 16:51:50.667856	2025-11-10 16:51:50.667856
4	2	6	2025-11-10 16:51:50.667856	2025-11-10 16:51:50.667856
4	2	7	2025-11-10 16:51:50.667856	2025-11-10 16:51:50.667856
4	2	8	2025-11-10 16:51:50.667856	2025-11-10 16:51:50.667856
4	2	9	2025-11-10 16:51:50.667856	2025-11-10 16:51:50.667856
4	2	10	2025-11-10 16:51:50.667856	2025-11-10 16:51:50.667856
4	2	11	2025-11-10 16:51:50.667856	2025-11-10 16:51:50.667856
4	2	12	2025-11-10 16:51:50.667856	2025-11-10 16:51:50.667856
4	2	13	2025-11-10 16:51:50.667856	2025-11-10 16:51:50.667856
4	2	14	2025-11-10 16:51:50.667856	2025-11-10 16:51:50.667856
4	2	15	2025-11-10 16:51:50.667856	2025-11-10 16:51:50.667856
4	2	16	2025-11-10 16:51:50.667856	2025-11-10 16:51:50.667856
4	2	17	2025-11-10 16:51:50.667856	2025-11-10 16:51:50.667856
4	2	18	2025-11-10 16:51:50.667856	2025-11-10 16:51:50.667856
4	2	19	2025-11-10 16:51:50.667856	2025-11-10 16:51:50.667856
4	2	20	2025-11-10 16:51:50.667856	2025-11-10 16:51:50.667856
4	3	1	2025-11-10 16:51:50.667856	2025-11-10 16:51:50.667856
4	3	2	2025-11-10 16:51:50.667856	2025-11-10 16:51:50.667856
4	3	3	2025-11-10 16:51:50.667856	2025-11-10 16:51:50.667856
4	3	4	2025-11-10 16:51:50.667856	2025-11-10 16:51:50.667856
4	3	5	2025-11-10 16:51:50.667856	2025-11-10 16:51:50.667856
4	3	6	2025-11-10 16:51:50.667856	2025-11-10 16:51:50.667856
4	3	7	2025-11-10 16:51:50.667856	2025-11-10 16:51:50.667856
4	3	8	2025-11-10 16:51:50.667856	2025-11-10 16:51:50.667856
4	3	9	2025-11-10 16:51:50.667856	2025-11-10 16:51:50.667856
4	3	10	2025-11-10 16:51:50.667856	2025-11-10 16:51:50.667856
4	3	11	2025-11-10 16:51:50.667856	2025-11-10 16:51:50.667856
4	3	12	2025-11-10 16:51:50.667856	2025-11-10 16:51:50.667856
4	3	13	2025-11-10 16:51:50.667856	2025-11-10 16:51:50.667856
4	3	14	2025-11-10 16:51:50.667856	2025-11-10 16:51:50.667856
4	3	15	2025-11-10 16:51:50.667856	2025-11-10 16:51:50.667856
4	3	16	2025-11-10 16:51:50.667856	2025-11-10 16:51:50.667856
4	3	17	2025-11-10 16:51:50.667856	2025-11-10 16:51:50.667856
4	3	18	2025-11-10 16:51:50.667856	2025-11-10 16:51:50.667856
4	3	19	2025-11-10 16:51:50.667856	2025-11-10 16:51:50.667856
4	3	20	2025-11-10 16:51:50.667856	2025-11-10 16:51:50.667856
4	4	1	2025-11-10 16:51:50.667856	2025-11-10 16:51:50.667856
4	4	2	2025-11-10 16:51:50.667856	2025-11-10 16:51:50.667856
4	4	3	2025-11-10 16:51:50.667856	2025-11-10 16:51:50.667856
4	4	4	2025-11-10 16:51:50.667856	2025-11-10 16:51:50.667856
4	4	5	2025-11-10 16:51:50.667856	2025-11-10 16:51:50.667856
4	4	6	2025-11-10 16:51:50.667856	2025-11-10 16:51:50.667856
4	4	7	2025-11-10 16:51:50.667856	2025-11-10 16:51:50.667856
4	4	8	2025-11-10 16:51:50.667856	2025-11-10 16:51:50.667856
4	4	9	2025-11-10 16:51:50.667856	2025-11-10 16:51:50.667856
4	4	10	2025-11-10 16:51:50.667856	2025-11-10 16:51:50.667856
4	4	11	2025-11-10 16:51:50.667856	2025-11-10 16:51:50.667856
4	4	12	2025-11-10 16:51:50.667856	2025-11-10 16:51:50.667856
4	4	13	2025-11-10 16:51:50.667856	2025-11-10 16:51:50.667856
4	4	14	2025-11-10 16:51:50.667856	2025-11-10 16:51:50.667856
4	4	15	2025-11-10 16:51:50.667856	2025-11-10 16:51:50.667856
4	4	16	2025-11-10 16:51:50.667856	2025-11-10 16:51:50.667856
4	4	17	2025-11-10 16:51:50.667856	2025-11-10 16:51:50.667856
4	4	18	2025-11-10 16:51:50.667856	2025-11-10 16:51:50.667856
4	4	19	2025-11-10 16:51:50.667856	2025-11-10 16:51:50.667856
4	4	20	2025-11-10 16:51:50.667856	2025-11-10 16:51:50.667856
4	5	1	2025-11-10 16:51:50.667856	2025-11-10 16:51:50.667856
4	5	2	2025-11-10 16:51:50.667856	2025-11-10 16:51:50.667856
4	5	3	2025-11-10 16:51:50.667856	2025-11-10 16:51:50.667856
4	5	4	2025-11-10 16:51:50.667856	2025-11-10 16:51:50.667856
4	5	5	2025-11-10 16:51:50.667856	2025-11-10 16:51:50.667856
4	5	6	2025-11-10 16:51:50.667856	2025-11-10 16:51:50.667856
4	5	7	2025-11-10 16:51:50.667856	2025-11-10 16:51:50.667856
4	5	8	2025-11-10 16:51:50.667856	2025-11-10 16:51:50.667856
4	5	9	2025-11-10 16:51:50.667856	2025-11-10 16:51:50.667856
4	5	10	2025-11-10 16:51:50.667856	2025-11-10 16:51:50.667856
4	5	11	2025-11-10 16:51:50.667856	2025-11-10 16:51:50.667856
4	5	12	2025-11-10 16:51:50.667856	2025-11-10 16:51:50.667856
4	5	13	2025-11-10 16:51:50.667856	2025-11-10 16:51:50.667856
4	5	14	2025-11-10 16:51:50.667856	2025-11-10 16:51:50.667856
4	5	15	2025-11-10 16:51:50.667856	2025-11-10 16:51:50.667856
4	5	16	2025-11-10 16:51:50.667856	2025-11-10 16:51:50.667856
4	5	17	2025-11-10 16:51:50.667856	2025-11-10 16:51:50.667856
4	5	18	2025-11-10 16:51:50.667856	2025-11-10 16:51:50.667856
4	5	19	2025-11-10 16:51:50.667856	2025-11-10 16:51:50.667856
4	5	20	2025-11-10 16:51:50.667856	2025-11-10 16:51:50.667856
4	6	1	2025-11-10 16:51:50.667856	2025-11-10 16:51:50.667856
4	6	2	2025-11-10 16:51:50.667856	2025-11-10 16:51:50.667856
4	6	3	2025-11-10 16:51:50.667856	2025-11-10 16:51:50.667856
4	6	4	2025-11-10 16:51:50.667856	2025-11-10 16:51:50.667856
4	6	5	2025-11-10 16:51:50.667856	2025-11-10 16:51:50.667856
4	6	6	2025-11-10 16:51:50.667856	2025-11-10 16:51:50.667856
4	6	7	2025-11-10 16:51:50.667856	2025-11-10 16:51:50.667856
4	6	8	2025-11-10 16:51:50.667856	2025-11-10 16:51:50.667856
4	6	9	2025-11-10 16:51:50.667856	2025-11-10 16:51:50.667856
4	6	10	2025-11-10 16:51:50.667856	2025-11-10 16:51:50.667856
4	6	11	2025-11-10 16:51:50.667856	2025-11-10 16:51:50.667856
4	6	12	2025-11-10 16:51:50.667856	2025-11-10 16:51:50.667856
4	6	13	2025-11-10 16:51:50.667856	2025-11-10 16:51:50.667856
4	6	14	2025-11-10 16:51:50.667856	2025-11-10 16:51:50.667856
4	6	15	2025-11-10 16:51:50.667856	2025-11-10 16:51:50.667856
4	6	16	2025-11-10 16:51:50.667856	2025-11-10 16:51:50.667856
4	6	17	2025-11-10 16:51:50.667856	2025-11-10 16:51:50.667856
4	6	18	2025-11-10 16:51:50.667856	2025-11-10 16:51:50.667856
4	6	19	2025-11-10 16:51:50.667856	2025-11-10 16:51:50.667856
4	6	20	2025-11-10 16:51:50.667856	2025-11-10 16:51:50.667856
4	7	1	2025-11-10 16:51:50.667856	2025-11-10 16:51:50.667856
4	7	2	2025-11-10 16:51:50.667856	2025-11-10 16:51:50.667856
4	7	3	2025-11-10 16:51:50.667856	2025-11-10 16:51:50.667856
4	7	4	2025-11-10 16:51:50.667856	2025-11-10 16:51:50.667856
4	7	5	2025-11-10 16:51:50.667856	2025-11-10 16:51:50.667856
4	7	6	2025-11-10 16:51:50.667856	2025-11-10 16:51:50.667856
4	7	7	2025-11-10 16:51:50.667856	2025-11-10 16:51:50.667856
4	7	8	2025-11-10 16:51:50.667856	2025-11-10 16:51:50.667856
4	7	9	2025-11-10 16:51:50.667856	2025-11-10 16:51:50.667856
4	7	10	2025-11-10 16:51:50.667856	2025-11-10 16:51:50.667856
4	7	11	2025-11-10 16:51:50.667856	2025-11-10 16:51:50.667856
4	7	12	2025-11-10 16:51:50.667856	2025-11-10 16:51:50.667856
4	7	13	2025-11-10 16:51:50.667856	2025-11-10 16:51:50.667856
4	7	14	2025-11-10 16:51:50.667856	2025-11-10 16:51:50.667856
4	7	15	2025-11-10 16:51:50.667856	2025-11-10 16:51:50.667856
4	7	16	2025-11-10 16:51:50.667856	2025-11-10 16:51:50.667856
4	7	17	2025-11-10 16:51:50.667856	2025-11-10 16:51:50.667856
4	7	18	2025-11-10 16:51:50.667856	2025-11-10 16:51:50.667856
4	7	19	2025-11-10 16:51:50.667856	2025-11-10 16:51:50.667856
4	7	20	2025-11-10 16:51:50.667856	2025-11-10 16:51:50.667856
4	8	1	2025-11-10 16:51:50.667856	2025-11-10 16:51:50.667856
4	8	2	2025-11-10 16:51:50.667856	2025-11-10 16:51:50.667856
4	8	3	2025-11-10 16:51:50.667856	2025-11-10 16:51:50.667856
4	8	4	2025-11-10 16:51:50.667856	2025-11-10 16:51:50.667856
4	8	5	2025-11-10 16:51:50.667856	2025-11-10 16:51:50.667856
4	8	6	2025-11-10 16:51:50.667856	2025-11-10 16:51:50.667856
4	8	7	2025-11-10 16:51:50.667856	2025-11-10 16:51:50.667856
4	8	8	2025-11-10 16:51:50.667856	2025-11-10 16:51:50.667856
4	8	9	2025-11-10 16:51:50.667856	2025-11-10 16:51:50.667856
4	8	10	2025-11-10 16:51:50.667856	2025-11-10 16:51:50.667856
4	8	11	2025-11-10 16:51:50.667856	2025-11-10 16:51:50.667856
4	8	12	2025-11-10 16:51:50.667856	2025-11-10 16:51:50.667856
4	8	13	2025-11-10 16:51:50.667856	2025-11-10 16:51:50.667856
4	8	14	2025-11-10 16:51:50.667856	2025-11-10 16:51:50.667856
4	8	15	2025-11-10 16:51:50.667856	2025-11-10 16:51:50.667856
4	8	16	2025-11-10 16:51:50.667856	2025-11-10 16:51:50.667856
4	8	17	2025-11-10 16:51:50.667856	2025-11-10 16:51:50.667856
4	8	18	2025-11-10 16:51:50.667856	2025-11-10 16:51:50.667856
4	8	19	2025-11-10 16:51:50.667856	2025-11-10 16:51:50.667856
4	8	20	2025-11-10 16:51:50.667856	2025-11-10 16:51:50.667856
4	9	1	2025-11-10 16:51:50.667856	2025-11-10 16:51:50.667856
4	9	2	2025-11-10 16:51:50.667856	2025-11-10 16:51:50.667856
4	9	3	2025-11-10 16:51:50.667856	2025-11-10 16:51:50.667856
4	9	4	2025-11-10 16:51:50.667856	2025-11-10 16:51:50.667856
4	9	5	2025-11-10 16:51:50.667856	2025-11-10 16:51:50.667856
4	9	6	2025-11-10 16:51:50.667856	2025-11-10 16:51:50.667856
4	9	7	2025-11-10 16:51:50.667856	2025-11-10 16:51:50.667856
4	9	8	2025-11-10 16:51:50.667856	2025-11-10 16:51:50.667856
4	9	9	2025-11-10 16:51:50.667856	2025-11-10 16:51:50.667856
4	9	10	2025-11-10 16:51:50.667856	2025-11-10 16:51:50.667856
4	9	11	2025-11-10 16:51:50.667856	2025-11-10 16:51:50.667856
4	9	12	2025-11-10 16:51:50.667856	2025-11-10 16:51:50.667856
4	9	13	2025-11-10 16:51:50.667856	2025-11-10 16:51:50.667856
4	9	14	2025-11-10 16:51:50.667856	2025-11-10 16:51:50.667856
4	9	15	2025-11-10 16:51:50.667856	2025-11-10 16:51:50.667856
4	9	16	2025-11-10 16:51:50.667856	2025-11-10 16:51:50.667856
4	9	17	2025-11-10 16:51:50.667856	2025-11-10 16:51:50.667856
4	9	18	2025-11-10 16:51:50.667856	2025-11-10 16:51:50.667856
4	9	19	2025-11-10 16:51:50.667856	2025-11-10 16:51:50.667856
4	9	20	2025-11-10 16:51:50.667856	2025-11-10 16:51:50.667856
4	10	1	2025-11-10 16:51:50.667856	2025-11-10 16:51:50.667856
4	10	2	2025-11-10 16:51:50.667856	2025-11-10 16:51:50.667856
4	10	3	2025-11-10 16:51:50.667856	2025-11-10 16:51:50.667856
4	10	4	2025-11-10 16:51:50.667856	2025-11-10 16:51:50.667856
4	10	5	2025-11-10 16:51:50.667856	2025-11-10 16:51:50.667856
4	10	6	2025-11-10 16:51:50.667856	2025-11-10 16:51:50.667856
4	10	7	2025-11-10 16:51:50.667856	2025-11-10 16:51:50.667856
4	10	8	2025-11-10 16:51:50.667856	2025-11-10 16:51:50.667856
4	10	9	2025-11-10 16:51:50.667856	2025-11-10 16:51:50.667856
4	10	10	2025-11-10 16:51:50.667856	2025-11-10 16:51:50.667856
4	10	11	2025-11-10 16:51:50.667856	2025-11-10 16:51:50.667856
4	10	12	2025-11-10 16:51:50.667856	2025-11-10 16:51:50.667856
4	10	13	2025-11-10 16:51:50.667856	2025-11-10 16:51:50.667856
4	10	14	2025-11-10 16:51:50.667856	2025-11-10 16:51:50.667856
4	10	15	2025-11-10 16:51:50.667856	2025-11-10 16:51:50.667856
4	10	16	2025-11-10 16:51:50.667856	2025-11-10 16:51:50.667856
4	10	17	2025-11-10 16:51:50.667856	2025-11-10 16:51:50.667856
4	10	18	2025-11-10 16:51:50.667856	2025-11-10 16:51:50.667856
4	10	19	2025-11-10 16:51:50.667856	2025-11-10 16:51:50.667856
4	10	20	2025-11-10 16:51:50.667856	2025-11-10 16:51:50.667856
4	11	1	2025-11-10 16:51:50.667856	2025-11-10 16:51:50.667856
4	11	2	2025-11-10 16:51:50.667856	2025-11-10 16:51:50.667856
4	11	3	2025-11-10 16:51:50.667856	2025-11-10 16:51:50.667856
4	11	4	2025-11-10 16:51:50.667856	2025-11-10 16:51:50.667856
4	11	5	2025-11-10 16:51:50.667856	2025-11-10 16:51:50.667856
4	11	6	2025-11-10 16:51:50.667856	2025-11-10 16:51:50.667856
4	11	7	2025-11-10 16:51:50.667856	2025-11-10 16:51:50.667856
4	11	8	2025-11-10 16:51:50.667856	2025-11-10 16:51:50.667856
4	11	9	2025-11-10 16:51:50.667856	2025-11-10 16:51:50.667856
4	11	10	2025-11-10 16:51:50.667856	2025-11-10 16:51:50.667856
4	11	11	2025-11-10 16:51:50.667856	2025-11-10 16:51:50.667856
4	11	12	2025-11-10 16:51:50.667856	2025-11-10 16:51:50.667856
4	11	13	2025-11-10 16:51:50.667856	2025-11-10 16:51:50.667856
4	11	14	2025-11-10 16:51:50.667856	2025-11-10 16:51:50.667856
4	11	15	2025-11-10 16:51:50.667856	2025-11-10 16:51:50.667856
4	11	16	2025-11-10 16:51:50.667856	2025-11-10 16:51:50.667856
4	11	17	2025-11-10 16:51:50.667856	2025-11-10 16:51:50.667856
4	11	18	2025-11-10 16:51:50.667856	2025-11-10 16:51:50.667856
4	11	19	2025-11-10 16:51:50.667856	2025-11-10 16:51:50.667856
4	11	20	2025-11-10 16:51:50.667856	2025-11-10 16:51:50.667856
4	12	1	2025-11-10 16:51:50.667856	2025-11-10 16:51:50.667856
4	12	2	2025-11-10 16:51:50.667856	2025-11-10 16:51:50.667856
4	12	3	2025-11-10 16:51:50.667856	2025-11-10 16:51:50.667856
4	12	4	2025-11-10 16:51:50.667856	2025-11-10 16:51:50.667856
4	12	5	2025-11-10 16:51:50.667856	2025-11-10 16:51:50.667856
4	12	6	2025-11-10 16:51:50.667856	2025-11-10 16:51:50.667856
4	12	7	2025-11-10 16:51:50.667856	2025-11-10 16:51:50.667856
4	12	8	2025-11-10 16:51:50.667856	2025-11-10 16:51:50.667856
4	12	9	2025-11-10 16:51:50.667856	2025-11-10 16:51:50.667856
4	12	10	2025-11-10 16:51:50.667856	2025-11-10 16:51:50.667856
4	12	11	2025-11-10 16:51:50.667856	2025-11-10 16:51:50.667856
4	12	12	2025-11-10 16:51:50.667856	2025-11-10 16:51:50.667856
4	12	13	2025-11-10 16:51:50.667856	2025-11-10 16:51:50.667856
4	12	14	2025-11-10 16:51:50.667856	2025-11-10 16:51:50.667856
4	12	15	2025-11-10 16:51:50.667856	2025-11-10 16:51:50.667856
4	12	16	2025-11-10 16:51:50.667856	2025-11-10 16:51:50.667856
4	12	17	2025-11-10 16:51:50.667856	2025-11-10 16:51:50.667856
4	12	18	2025-11-10 16:51:50.667856	2025-11-10 16:51:50.667856
4	12	19	2025-11-10 16:51:50.667856	2025-11-10 16:51:50.667856
4	12	20	2025-11-10 16:51:50.667856	2025-11-10 16:51:50.667856
4	13	1	2025-11-10 16:51:50.667856	2025-11-10 16:51:50.667856
4	13	2	2025-11-10 16:51:50.667856	2025-11-10 16:51:50.667856
4	13	3	2025-11-10 16:51:50.667856	2025-11-10 16:51:50.667856
4	13	4	2025-11-10 16:51:50.667856	2025-11-10 16:51:50.667856
4	13	5	2025-11-10 16:51:50.667856	2025-11-10 16:51:50.667856
4	13	6	2025-11-10 16:51:50.667856	2025-11-10 16:51:50.667856
4	13	7	2025-11-10 16:51:50.667856	2025-11-10 16:51:50.667856
4	13	8	2025-11-10 16:51:50.667856	2025-11-10 16:51:50.667856
4	13	9	2025-11-10 16:51:50.667856	2025-11-10 16:51:50.667856
4	13	10	2025-11-10 16:51:50.667856	2025-11-10 16:51:50.667856
4	13	11	2025-11-10 16:51:50.667856	2025-11-10 16:51:50.667856
4	13	12	2025-11-10 16:51:50.667856	2025-11-10 16:51:50.667856
4	13	13	2025-11-10 16:51:50.667856	2025-11-10 16:51:50.667856
4	13	14	2025-11-10 16:51:50.667856	2025-11-10 16:51:50.667856
4	13	15	2025-11-10 16:51:50.667856	2025-11-10 16:51:50.667856
4	13	16	2025-11-10 16:51:50.667856	2025-11-10 16:51:50.667856
4	13	17	2025-11-10 16:51:50.667856	2025-11-10 16:51:50.667856
4	13	18	2025-11-10 16:51:50.667856	2025-11-10 16:51:50.667856
4	13	19	2025-11-10 16:51:50.667856	2025-11-10 16:51:50.667856
4	13	20	2025-11-10 16:51:50.667856	2025-11-10 16:51:50.667856
4	14	1	2025-11-10 16:51:50.667856	2025-11-10 16:51:50.667856
4	14	2	2025-11-10 16:51:50.667856	2025-11-10 16:51:50.667856
4	14	3	2025-11-10 16:51:50.667856	2025-11-10 16:51:50.667856
4	14	4	2025-11-10 16:51:50.667856	2025-11-10 16:51:50.667856
4	14	5	2025-11-10 16:51:50.667856	2025-11-10 16:51:50.667856
4	14	6	2025-11-10 16:51:50.667856	2025-11-10 16:51:50.667856
4	14	7	2025-11-10 16:51:50.667856	2025-11-10 16:51:50.667856
4	14	8	2025-11-10 16:51:50.667856	2025-11-10 16:51:50.667856
4	14	9	2025-11-10 16:51:50.667856	2025-11-10 16:51:50.667856
4	14	10	2025-11-10 16:51:50.667856	2025-11-10 16:51:50.667856
4	14	11	2025-11-10 16:51:50.667856	2025-11-10 16:51:50.667856
4	14	12	2025-11-10 16:51:50.667856	2025-11-10 16:51:50.667856
4	14	13	2025-11-10 16:51:50.667856	2025-11-10 16:51:50.667856
4	14	14	2025-11-10 16:51:50.667856	2025-11-10 16:51:50.667856
4	14	15	2025-11-10 16:51:50.667856	2025-11-10 16:51:50.667856
4	14	16	2025-11-10 16:51:50.667856	2025-11-10 16:51:50.667856
4	14	17	2025-11-10 16:51:50.667856	2025-11-10 16:51:50.667856
4	14	18	2025-11-10 16:51:50.667856	2025-11-10 16:51:50.667856
4	14	19	2025-11-10 16:51:50.667856	2025-11-10 16:51:50.667856
4	14	20	2025-11-10 16:51:50.667856	2025-11-10 16:51:50.667856
4	15	1	2025-11-10 16:51:50.667856	2025-11-10 16:51:50.667856
4	15	2	2025-11-10 16:51:50.667856	2025-11-10 16:51:50.667856
4	15	3	2025-11-10 16:51:50.667856	2025-11-10 16:51:50.667856
4	15	4	2025-11-10 16:51:50.667856	2025-11-10 16:51:50.667856
4	15	5	2025-11-10 16:51:50.667856	2025-11-10 16:51:50.667856
4	15	6	2025-11-10 16:51:50.667856	2025-11-10 16:51:50.667856
4	15	7	2025-11-10 16:51:50.667856	2025-11-10 16:51:50.667856
4	15	8	2025-11-10 16:51:50.667856	2025-11-10 16:51:50.667856
4	15	9	2025-11-10 16:51:50.667856	2025-11-10 16:51:50.667856
4	15	10	2025-11-10 16:51:50.667856	2025-11-10 16:51:50.667856
4	15	11	2025-11-10 16:51:50.667856	2025-11-10 16:51:50.667856
4	15	12	2025-11-10 16:51:50.667856	2025-11-10 16:51:50.667856
4	15	13	2025-11-10 16:51:50.667856	2025-11-10 16:51:50.667856
4	15	14	2025-11-10 16:51:50.667856	2025-11-10 16:51:50.667856
4	15	15	2025-11-10 16:51:50.667856	2025-11-10 16:51:50.667856
4	15	16	2025-11-10 16:51:50.667856	2025-11-10 16:51:50.667856
4	15	17	2025-11-10 16:51:50.667856	2025-11-10 16:51:50.667856
4	15	18	2025-11-10 16:51:50.667856	2025-11-10 16:51:50.667856
4	15	19	2025-11-10 16:51:50.667856	2025-11-10 16:51:50.667856
4	15	20	2025-11-10 16:51:50.667856	2025-11-10 16:51:50.667856
4	16	1	2025-11-10 16:51:50.667856	2025-11-10 16:51:50.667856
4	16	2	2025-11-10 16:51:50.667856	2025-11-10 16:51:50.667856
4	16	3	2025-11-10 16:51:50.667856	2025-11-10 16:51:50.667856
4	16	4	2025-11-10 16:51:50.667856	2025-11-10 16:51:50.667856
4	16	5	2025-11-10 16:51:50.667856	2025-11-10 16:51:50.667856
4	16	6	2025-11-10 16:51:50.667856	2025-11-10 16:51:50.667856
4	16	7	2025-11-10 16:51:50.667856	2025-11-10 16:51:50.667856
4	16	8	2025-11-10 16:51:50.667856	2025-11-10 16:51:50.667856
4	16	9	2025-11-10 16:51:50.667856	2025-11-10 16:51:50.667856
4	16	10	2025-11-10 16:51:50.667856	2025-11-10 16:51:50.667856
4	16	11	2025-11-10 16:51:50.667856	2025-11-10 16:51:50.667856
4	16	12	2025-11-10 16:51:50.667856	2025-11-10 16:51:50.667856
4	16	13	2025-11-10 16:51:50.667856	2025-11-10 16:51:50.667856
4	16	14	2025-11-10 16:51:50.667856	2025-11-10 16:51:50.667856
4	16	15	2025-11-10 16:51:50.667856	2025-11-10 16:51:50.667856
4	16	16	2025-11-10 16:51:50.667856	2025-11-10 16:51:50.667856
4	16	17	2025-11-10 16:51:50.667856	2025-11-10 16:51:50.667856
4	16	18	2025-11-10 16:51:50.667856	2025-11-10 16:51:50.667856
4	16	19	2025-11-10 16:51:50.667856	2025-11-10 16:51:50.667856
4	16	20	2025-11-10 16:51:50.667856	2025-11-10 16:51:50.667856
4	17	1	2025-11-10 16:51:50.667856	2025-11-10 16:51:50.667856
4	17	2	2025-11-10 16:51:50.667856	2025-11-10 16:51:50.667856
4	17	3	2025-11-10 16:51:50.667856	2025-11-10 16:51:50.667856
4	17	4	2025-11-10 16:51:50.667856	2025-11-10 16:51:50.667856
4	17	5	2025-11-10 16:51:50.667856	2025-11-10 16:51:50.667856
4	17	6	2025-11-10 16:51:50.667856	2025-11-10 16:51:50.667856
4	17	7	2025-11-10 16:51:50.667856	2025-11-10 16:51:50.667856
4	17	8	2025-11-10 16:51:50.667856	2025-11-10 16:51:50.667856
4	17	9	2025-11-10 16:51:50.667856	2025-11-10 16:51:50.667856
4	17	10	2025-11-10 16:51:50.667856	2025-11-10 16:51:50.667856
4	17	11	2025-11-10 16:51:50.667856	2025-11-10 16:51:50.667856
4	17	12	2025-11-10 16:51:50.667856	2025-11-10 16:51:50.667856
4	17	13	2025-11-10 16:51:50.667856	2025-11-10 16:51:50.667856
4	17	14	2025-11-10 16:51:50.667856	2025-11-10 16:51:50.667856
4	17	15	2025-11-10 16:51:50.667856	2025-11-10 16:51:50.667856
4	17	16	2025-11-10 16:51:50.667856	2025-11-10 16:51:50.667856
4	17	17	2025-11-10 16:51:50.667856	2025-11-10 16:51:50.667856
4	17	18	2025-11-10 16:51:50.667856	2025-11-10 16:51:50.667856
4	17	19	2025-11-10 16:51:50.667856	2025-11-10 16:51:50.667856
4	17	20	2025-11-10 16:51:50.667856	2025-11-10 16:51:50.667856
4	18	1	2025-11-10 16:51:50.667856	2025-11-10 16:51:50.667856
4	18	2	2025-11-10 16:51:50.667856	2025-11-10 16:51:50.667856
4	18	3	2025-11-10 16:51:50.667856	2025-11-10 16:51:50.667856
4	18	4	2025-11-10 16:51:50.667856	2025-11-10 16:51:50.667856
4	18	5	2025-11-10 16:51:50.667856	2025-11-10 16:51:50.667856
4	18	6	2025-11-10 16:51:50.667856	2025-11-10 16:51:50.667856
4	18	7	2025-11-10 16:51:50.667856	2025-11-10 16:51:50.667856
4	18	8	2025-11-10 16:51:50.667856	2025-11-10 16:51:50.667856
4	18	9	2025-11-10 16:51:50.667856	2025-11-10 16:51:50.667856
4	18	10	2025-11-10 16:51:50.667856	2025-11-10 16:51:50.667856
4	18	11	2025-11-10 16:51:50.667856	2025-11-10 16:51:50.667856
4	18	12	2025-11-10 16:51:50.667856	2025-11-10 16:51:50.667856
4	18	13	2025-11-10 16:51:50.667856	2025-11-10 16:51:50.667856
4	18	14	2025-11-10 16:51:50.667856	2025-11-10 16:51:50.667856
4	18	15	2025-11-10 16:51:50.667856	2025-11-10 16:51:50.667856
4	18	16	2025-11-10 16:51:50.667856	2025-11-10 16:51:50.667856
4	18	17	2025-11-10 16:51:50.667856	2025-11-10 16:51:50.667856
4	18	18	2025-11-10 16:51:50.667856	2025-11-10 16:51:50.667856
4	18	19	2025-11-10 16:51:50.667856	2025-11-10 16:51:50.667856
4	18	20	2025-11-10 16:51:50.667856	2025-11-10 16:51:50.667856
4	19	1	2025-11-10 16:51:50.667856	2025-11-10 16:51:50.667856
4	19	2	2025-11-10 16:51:50.667856	2025-11-10 16:51:50.667856
4	19	3	2025-11-10 16:51:50.667856	2025-11-10 16:51:50.667856
4	19	4	2025-11-10 16:51:50.667856	2025-11-10 16:51:50.667856
4	19	5	2025-11-10 16:51:50.667856	2025-11-10 16:51:50.667856
4	19	6	2025-11-10 16:51:50.667856	2025-11-10 16:51:50.667856
4	19	7	2025-11-10 16:51:50.667856	2025-11-10 16:51:50.667856
4	19	8	2025-11-10 16:51:50.667856	2025-11-10 16:51:50.667856
4	19	9	2025-11-10 16:51:50.667856	2025-11-10 16:51:50.667856
4	19	10	2025-11-10 16:51:50.667856	2025-11-10 16:51:50.667856
4	19	11	2025-11-10 16:51:50.667856	2025-11-10 16:51:50.667856
4	19	12	2025-11-10 16:51:50.667856	2025-11-10 16:51:50.667856
4	19	13	2025-11-10 16:51:50.667856	2025-11-10 16:51:50.667856
4	19	14	2025-11-10 16:51:50.667856	2025-11-10 16:51:50.667856
4	19	15	2025-11-10 16:51:50.667856	2025-11-10 16:51:50.667856
4	19	16	2025-11-10 16:51:50.667856	2025-11-10 16:51:50.667856
4	19	17	2025-11-10 16:51:50.667856	2025-11-10 16:51:50.667856
4	19	18	2025-11-10 16:51:50.667856	2025-11-10 16:51:50.667856
4	19	19	2025-11-10 16:51:50.667856	2025-11-10 16:51:50.667856
4	19	20	2025-11-10 16:51:50.667856	2025-11-10 16:51:50.667856
4	20	1	2025-11-10 16:51:50.667856	2025-11-10 16:51:50.667856
4	20	2	2025-11-10 16:51:50.667856	2025-11-10 16:51:50.667856
4	20	3	2025-11-10 16:51:50.667856	2025-11-10 16:51:50.667856
4	20	4	2025-11-10 16:51:50.667856	2025-11-10 16:51:50.667856
4	20	5	2025-11-10 16:51:50.667856	2025-11-10 16:51:50.667856
4	20	6	2025-11-10 16:51:50.667856	2025-11-10 16:51:50.667856
4	20	7	2025-11-10 16:51:50.667856	2025-11-10 16:51:50.667856
4	20	8	2025-11-10 16:51:50.667856	2025-11-10 16:51:50.667856
4	20	9	2025-11-10 16:51:50.667856	2025-11-10 16:51:50.667856
4	20	10	2025-11-10 16:51:50.667856	2025-11-10 16:51:50.667856
4	20	11	2025-11-10 16:51:50.667856	2025-11-10 16:51:50.667856
4	20	12	2025-11-10 16:51:50.667856	2025-11-10 16:51:50.667856
4	20	13	2025-11-10 16:51:50.667856	2025-11-10 16:51:50.667856
4	20	14	2025-11-10 16:51:50.667856	2025-11-10 16:51:50.667856
4	20	15	2025-11-10 16:51:50.667856	2025-11-10 16:51:50.667856
4	20	16	2025-11-10 16:51:50.667856	2025-11-10 16:51:50.667856
4	20	17	2025-11-10 16:51:50.667856	2025-11-10 16:51:50.667856
4	20	18	2025-11-10 16:51:50.667856	2025-11-10 16:51:50.667856
4	20	19	2025-11-10 16:51:50.667856	2025-11-10 16:51:50.667856
4	20	20	2025-11-10 16:51:50.667856	2025-11-10 16:51:50.667856
6	1	1	2025-11-16 20:27:38.085063	2025-11-16 20:27:38.085063
6	1	2	2025-11-16 20:27:38.085063	2025-11-16 20:27:38.085063
6	1	3	2025-11-16 20:27:38.085063	2025-11-16 20:27:38.085063
6	1	4	2025-11-16 20:27:38.085063	2025-11-16 20:27:38.085063
6	1	5	2025-11-16 20:27:38.085063	2025-11-16 20:27:38.085063
6	1	6	2025-11-16 20:27:38.085063	2025-11-16 20:27:38.085063
6	1	7	2025-11-16 20:27:38.085063	2025-11-16 20:27:38.085063
6	1	8	2025-11-16 20:27:38.085063	2025-11-16 20:27:38.085063
6	1	9	2025-11-16 20:27:38.085063	2025-11-16 20:27:38.085063
6	1	10	2025-11-16 20:27:38.085063	2025-11-16 20:27:38.085063
6	1	11	2025-11-16 20:27:38.085063	2025-11-16 20:27:38.085063
6	2	1	2025-11-16 20:27:38.085063	2025-11-16 20:27:38.085063
6	2	2	2025-11-16 20:27:38.085063	2025-11-16 20:27:38.085063
6	2	3	2025-11-16 20:27:38.085063	2025-11-16 20:27:38.085063
6	2	4	2025-11-16 20:27:38.085063	2025-11-16 20:27:38.085063
6	2	5	2025-11-16 20:27:38.085063	2025-11-16 20:27:38.085063
6	2	6	2025-11-16 20:27:38.085063	2025-11-16 20:27:38.085063
6	2	7	2025-11-16 20:27:38.085063	2025-11-16 20:27:38.085063
6	2	8	2025-11-16 20:27:38.085063	2025-11-16 20:27:38.085063
6	2	9	2025-11-16 20:27:38.085063	2025-11-16 20:27:38.085063
6	2	10	2025-11-16 20:27:38.085063	2025-11-16 20:27:38.085063
6	2	11	2025-11-16 20:27:38.085063	2025-11-16 20:27:38.085063
6	3	1	2025-11-16 20:27:38.085063	2025-11-16 20:27:38.085063
6	3	2	2025-11-16 20:27:38.085063	2025-11-16 20:27:38.085063
6	3	3	2025-11-16 20:27:38.085063	2025-11-16 20:27:38.085063
6	3	4	2025-11-16 20:27:38.085063	2025-11-16 20:27:38.085063
6	3	5	2025-11-16 20:27:38.085063	2025-11-16 20:27:38.085063
6	3	6	2025-11-16 20:27:38.085063	2025-11-16 20:27:38.085063
6	3	7	2025-11-16 20:27:38.085063	2025-11-16 20:27:38.085063
6	3	8	2025-11-16 20:27:38.085063	2025-11-16 20:27:38.085063
6	3	9	2025-11-16 20:27:38.085063	2025-11-16 20:27:38.085063
6	3	10	2025-11-16 20:27:38.085063	2025-11-16 20:27:38.085063
6	3	11	2025-11-16 20:27:38.085063	2025-11-16 20:27:38.085063
6	4	1	2025-11-16 20:27:38.085063	2025-11-16 20:27:38.085063
6	4	2	2025-11-16 20:27:38.085063	2025-11-16 20:27:38.085063
6	4	3	2025-11-16 20:27:38.085063	2025-11-16 20:27:38.085063
6	4	4	2025-11-16 20:27:38.085063	2025-11-16 20:27:38.085063
6	4	5	2025-11-16 20:27:38.085063	2025-11-16 20:27:38.085063
6	4	6	2025-11-16 20:27:38.085063	2025-11-16 20:27:38.085063
6	4	7	2025-11-16 20:27:38.085063	2025-11-16 20:27:38.085063
6	4	8	2025-11-16 20:27:38.085063	2025-11-16 20:27:38.085063
6	4	9	2025-11-16 20:27:38.085063	2025-11-16 20:27:38.085063
6	4	10	2025-11-16 20:27:38.085063	2025-11-16 20:27:38.085063
6	4	11	2025-11-16 20:27:38.085063	2025-11-16 20:27:38.085063
6	5	1	2025-11-16 20:27:38.085063	2025-11-16 20:27:38.085063
6	5	2	2025-11-16 20:27:38.085063	2025-11-16 20:27:38.085063
6	5	3	2025-11-16 20:27:38.085063	2025-11-16 20:27:38.085063
6	5	4	2025-11-16 20:27:38.085063	2025-11-16 20:27:38.085063
6	5	5	2025-11-16 20:27:38.085063	2025-11-16 20:27:38.085063
6	5	6	2025-11-16 20:27:38.085063	2025-11-16 20:27:38.085063
6	5	7	2025-11-16 20:27:38.085063	2025-11-16 20:27:38.085063
6	5	8	2025-11-16 20:27:38.085063	2025-11-16 20:27:38.085063
6	5	9	2025-11-16 20:27:38.085063	2025-11-16 20:27:38.085063
6	5	10	2025-11-16 20:27:38.085063	2025-11-16 20:27:38.085063
6	5	11	2025-11-16 20:27:38.085063	2025-11-16 20:27:38.085063
6	6	1	2025-11-16 20:27:38.085063	2025-11-16 20:27:38.085063
6	6	2	2025-11-16 20:27:38.085063	2025-11-16 20:27:38.085063
6	6	3	2025-11-16 20:27:38.085063	2025-11-16 20:27:38.085063
6	6	4	2025-11-16 20:27:38.085063	2025-11-16 20:27:38.085063
6	6	5	2025-11-16 20:27:38.085063	2025-11-16 20:27:38.085063
6	6	6	2025-11-16 20:27:38.085063	2025-11-16 20:27:38.085063
6	6	7	2025-11-16 20:27:38.085063	2025-11-16 20:27:38.085063
6	6	8	2025-11-16 20:27:38.085063	2025-11-16 20:27:38.085063
6	6	9	2025-11-16 20:27:38.085063	2025-11-16 20:27:38.085063
6	6	10	2025-11-16 20:27:38.085063	2025-11-16 20:27:38.085063
6	6	11	2025-11-16 20:27:38.085063	2025-11-16 20:27:38.085063
6	7	1	2025-11-16 20:27:38.085063	2025-11-16 20:27:38.085063
6	7	2	2025-11-16 20:27:38.085063	2025-11-16 20:27:38.085063
6	7	3	2025-11-16 20:27:38.085063	2025-11-16 20:27:38.085063
6	7	4	2025-11-16 20:27:38.085063	2025-11-16 20:27:38.085063
6	7	5	2025-11-16 20:27:38.085063	2025-11-16 20:27:38.085063
6	7	6	2025-11-16 20:27:38.085063	2025-11-16 20:27:38.085063
6	7	7	2025-11-16 20:27:38.085063	2025-11-16 20:27:38.085063
6	7	8	2025-11-16 20:27:38.085063	2025-11-16 20:27:38.085063
6	7	9	2025-11-16 20:27:38.085063	2025-11-16 20:27:38.085063
6	7	10	2025-11-16 20:27:38.085063	2025-11-16 20:27:38.085063
6	7	11	2025-11-16 20:27:38.085063	2025-11-16 20:27:38.085063
6	8	1	2025-11-16 20:27:38.085063	2025-11-16 20:27:38.085063
6	8	2	2025-11-16 20:27:38.085063	2025-11-16 20:27:38.085063
6	8	3	2025-11-16 20:27:38.085063	2025-11-16 20:27:38.085063
6	8	4	2025-11-16 20:27:38.085063	2025-11-16 20:27:38.085063
6	8	5	2025-11-16 20:27:38.085063	2025-11-16 20:27:38.085063
6	8	6	2025-11-16 20:27:38.085063	2025-11-16 20:27:38.085063
6	8	7	2025-11-16 20:27:38.085063	2025-11-16 20:27:38.085063
6	8	8	2025-11-16 20:27:38.085063	2025-11-16 20:27:38.085063
6	8	9	2025-11-16 20:27:38.085063	2025-11-16 20:27:38.085063
6	8	10	2025-11-16 20:27:38.085063	2025-11-16 20:27:38.085063
6	8	11	2025-11-16 20:27:38.085063	2025-11-16 20:27:38.085063
6	9	1	2025-11-16 20:27:38.085063	2025-11-16 20:27:38.085063
6	9	2	2025-11-16 20:27:38.085063	2025-11-16 20:27:38.085063
6	9	3	2025-11-16 20:27:38.085063	2025-11-16 20:27:38.085063
6	9	4	2025-11-16 20:27:38.085063	2025-11-16 20:27:38.085063
6	9	5	2025-11-16 20:27:38.085063	2025-11-16 20:27:38.085063
6	9	6	2025-11-16 20:27:38.085063	2025-11-16 20:27:38.085063
6	9	7	2025-11-16 20:27:38.085063	2025-11-16 20:27:38.085063
6	9	8	2025-11-16 20:27:38.085063	2025-11-16 20:27:38.085063
6	9	9	2025-11-16 20:27:38.085063	2025-11-16 20:27:38.085063
6	9	10	2025-11-16 20:27:38.085063	2025-11-16 20:27:38.085063
6	9	11	2025-11-16 20:27:38.085063	2025-11-16 20:27:38.085063
6	10	1	2025-11-16 20:27:38.085063	2025-11-16 20:27:38.085063
6	10	2	2025-11-16 20:27:38.085063	2025-11-16 20:27:38.085063
6	10	3	2025-11-16 20:27:38.085063	2025-11-16 20:27:38.085063
6	10	4	2025-11-16 20:27:38.085063	2025-11-16 20:27:38.085063
6	10	5	2025-11-16 20:27:38.085063	2025-11-16 20:27:38.085063
6	10	6	2025-11-16 20:27:38.085063	2025-11-16 20:27:38.085063
6	10	7	2025-11-16 20:27:38.085063	2025-11-16 20:27:38.085063
6	10	8	2025-11-16 20:27:38.085063	2025-11-16 20:27:38.085063
6	10	9	2025-11-16 20:27:38.085063	2025-11-16 20:27:38.085063
6	10	10	2025-11-16 20:27:38.085063	2025-11-16 20:27:38.085063
6	10	11	2025-11-16 20:27:38.085063	2025-11-16 20:27:38.085063
6	11	1	2025-11-16 20:27:38.085063	2025-11-16 20:27:38.085063
6	11	2	2025-11-16 20:27:38.085063	2025-11-16 20:27:38.085063
6	11	3	2025-11-16 20:27:38.085063	2025-11-16 20:27:38.085063
6	11	4	2025-11-16 20:27:38.085063	2025-11-16 20:27:38.085063
6	11	5	2025-11-16 20:27:38.085063	2025-11-16 20:27:38.085063
6	11	6	2025-11-16 20:27:38.085063	2025-11-16 20:27:38.085063
6	11	7	2025-11-16 20:27:38.085063	2025-11-16 20:27:38.085063
6	11	8	2025-11-16 20:27:38.085063	2025-11-16 20:27:38.085063
6	11	9	2025-11-16 20:27:38.085063	2025-11-16 20:27:38.085063
6	11	10	2025-11-16 20:27:38.085063	2025-11-16 20:27:38.085063
6	11	11	2025-11-16 20:27:38.085063	2025-11-16 20:27:38.085063
12	1	1	2026-03-15 20:54:35.35523	2026-03-15 20:54:35.35523
12	1	2	2026-03-15 20:54:35.35523	2026-03-15 20:54:35.35523
12	1	3	2026-03-15 20:54:35.35523	2026-03-15 20:54:35.35523
12	1	4	2026-03-15 20:54:35.35523	2026-03-15 20:54:35.35523
12	1	5	2026-03-15 20:54:35.35523	2026-03-15 20:54:35.35523
12	1	6	2026-03-15 20:54:35.35523	2026-03-15 20:54:35.35523
12	1	7	2026-03-15 20:54:35.35523	2026-03-15 20:54:35.35523
12	1	8	2026-03-15 20:54:35.35523	2026-03-15 20:54:35.35523
12	1	9	2026-03-15 20:54:35.35523	2026-03-15 20:54:35.35523
12	1	10	2026-03-15 20:54:35.35523	2026-03-15 20:54:35.35523
12	1	11	2026-03-15 20:54:35.35523	2026-03-15 20:54:35.35523
12	2	1	2026-03-15 20:54:35.35523	2026-03-15 20:54:35.35523
12	2	2	2026-03-15 20:54:35.35523	2026-03-15 20:54:35.35523
12	2	3	2026-03-15 20:54:35.35523	2026-03-15 20:54:35.35523
12	2	4	2026-03-15 20:54:35.35523	2026-03-15 20:54:35.35523
12	2	5	2026-03-15 20:54:35.35523	2026-03-15 20:54:35.35523
12	2	6	2026-03-15 20:54:35.35523	2026-03-15 20:54:35.35523
12	2	7	2026-03-15 20:54:35.35523	2026-03-15 20:54:35.35523
12	2	8	2026-03-15 20:54:35.35523	2026-03-15 20:54:35.35523
12	2	9	2026-03-15 20:54:35.35523	2026-03-15 20:54:35.35523
12	2	10	2026-03-15 20:54:35.35523	2026-03-15 20:54:35.35523
12	2	11	2026-03-15 20:54:35.35523	2026-03-15 20:54:35.35523
12	3	1	2026-03-15 20:54:35.35523	2026-03-15 20:54:35.35523
12	3	2	2026-03-15 20:54:35.35523	2026-03-15 20:54:35.35523
12	3	3	2026-03-15 20:54:35.35523	2026-03-15 20:54:35.35523
12	3	4	2026-03-15 20:54:35.35523	2026-03-15 20:54:35.35523
12	3	5	2026-03-15 20:54:35.35523	2026-03-15 20:54:35.35523
12	3	6	2026-03-15 20:54:35.35523	2026-03-15 20:54:35.35523
12	3	7	2026-03-15 20:54:35.35523	2026-03-15 20:54:35.35523
12	3	8	2026-03-15 20:54:35.35523	2026-03-15 20:54:35.35523
12	3	9	2026-03-15 20:54:35.35523	2026-03-15 20:54:35.35523
12	3	10	2026-03-15 20:54:35.35523	2026-03-15 20:54:35.35523
12	3	11	2026-03-15 20:54:35.35523	2026-03-15 20:54:35.35523
12	4	1	2026-03-15 20:54:35.35523	2026-03-15 20:54:35.35523
12	4	2	2026-03-15 20:54:35.35523	2026-03-15 20:54:35.35523
12	4	3	2026-03-15 20:54:35.35523	2026-03-15 20:54:35.35523
12	4	4	2026-03-15 20:54:35.35523	2026-03-15 20:54:35.35523
12	4	5	2026-03-15 20:54:35.35523	2026-03-15 20:54:35.35523
12	4	6	2026-03-15 20:54:35.35523	2026-03-15 20:54:35.35523
12	4	7	2026-03-15 20:54:35.35523	2026-03-15 20:54:35.35523
12	4	8	2026-03-15 20:54:35.35523	2026-03-15 20:54:35.35523
12	4	9	2026-03-15 20:54:35.35523	2026-03-15 20:54:35.35523
12	4	10	2026-03-15 20:54:35.35523	2026-03-15 20:54:35.35523
12	4	11	2026-03-15 20:54:35.35523	2026-03-15 20:54:35.35523
\.


--
-- Data for Name: seat_status; Type: TABLE DATA; Schema: public; Owner: postgres
--

COPY public.seat_status (sessionid, rownumber, seatnumber, userid, created_at, updated_at, hallid) FROM stdin;
2	1	11	\N	2025-11-11 17:34:49.03586	2026-03-17 20:52:49.083372	4
2	1	2	\N	2025-11-11 17:34:49.03586	2025-11-11 17:34:49.03586	4
2	1	3	\N	2025-11-11 17:34:49.03586	2025-11-11 17:34:49.03586	4
2	1	4	\N	2025-11-11 17:34:49.03586	2025-11-11 17:34:49.03586	4
2	1	5	\N	2025-11-11 17:34:49.03586	2025-11-11 17:34:49.03586	4
2	1	6	\N	2025-11-11 17:34:49.03586	2025-11-11 17:34:49.03586	4
2	1	7	\N	2025-11-11 17:34:49.03586	2025-11-11 17:34:49.03586	4
2	1	8	\N	2025-11-11 17:34:49.03586	2025-11-11 17:34:49.03586	4
2	1	9	\N	2025-11-11 17:34:49.03586	2025-11-11 17:34:49.03586	4
2	1	10	\N	2025-11-11 17:34:49.03586	2025-11-11 17:34:49.03586	4
2	1	12	\N	2025-11-11 17:34:49.03586	2025-11-11 17:34:49.03586	4
2	1	13	\N	2025-11-11 17:34:49.03586	2025-11-11 17:34:49.03586	4
2	1	14	\N	2025-11-11 17:34:49.03586	2025-11-11 17:34:49.03586	4
2	1	15	\N	2025-11-11 17:34:49.03586	2025-11-11 17:34:49.03586	4
2	1	16	\N	2025-11-11 17:34:49.03586	2025-11-11 17:34:49.03586	4
2	1	17	\N	2025-11-11 17:34:49.03586	2025-11-11 17:34:49.03586	4
2	1	18	\N	2025-11-11 17:34:49.03586	2025-11-11 17:34:49.03586	4
2	1	19	\N	2025-11-11 17:34:49.03586	2025-11-11 17:34:49.03586	4
2	1	20	\N	2025-11-11 17:34:49.03586	2025-11-11 17:34:49.03586	4
2	2	1	\N	2025-11-11 17:34:49.03586	2025-11-11 17:34:49.03586	4
2	2	2	\N	2025-11-11 17:34:49.03586	2025-11-11 17:34:49.03586	4
2	2	3	\N	2025-11-11 17:34:49.03586	2025-11-11 17:34:49.03586	4
2	2	4	\N	2025-11-11 17:34:49.03586	2025-11-11 17:34:49.03586	4
2	2	5	\N	2025-11-11 17:34:49.03586	2025-11-11 17:34:49.03586	4
2	2	6	\N	2025-11-11 17:34:49.03586	2025-11-11 17:34:49.03586	4
2	2	7	\N	2025-11-11 17:34:49.03586	2025-11-11 17:34:49.03586	4
2	2	8	\N	2025-11-11 17:34:49.03586	2025-11-11 17:34:49.03586	4
2	2	9	\N	2025-11-11 17:34:49.03586	2025-11-11 17:34:49.03586	4
2	2	10	\N	2025-11-11 17:34:49.03586	2025-11-11 17:34:49.03586	4
2	2	11	\N	2025-11-11 17:34:49.03586	2025-11-11 17:34:49.03586	4
2	2	12	\N	2025-11-11 17:34:49.03586	2025-11-11 17:34:49.03586	4
2	2	13	\N	2025-11-11 17:34:49.03586	2025-11-11 17:34:49.03586	4
2	2	14	\N	2025-11-11 17:34:49.03586	2025-11-11 17:34:49.03586	4
2	2	15	\N	2025-11-11 17:34:49.03586	2025-11-11 17:34:49.03586	4
2	2	16	\N	2025-11-11 17:34:49.03586	2025-11-11 17:34:49.03586	4
2	2	17	\N	2025-11-11 17:34:49.03586	2025-11-11 17:34:49.03586	4
2	2	18	\N	2025-11-11 17:34:49.03586	2025-11-11 17:34:49.03586	4
2	2	19	\N	2025-11-11 17:34:49.03586	2025-11-11 17:34:49.03586	4
2	2	20	\N	2025-11-11 17:34:49.03586	2025-11-11 17:34:49.03586	4
2	3	1	\N	2025-11-11 17:34:49.03586	2025-11-11 17:34:49.03586	4
2	3	2	\N	2025-11-11 17:34:49.03586	2025-11-11 17:34:49.03586	4
2	3	3	\N	2025-11-11 17:34:49.03586	2025-11-11 17:34:49.03586	4
2	3	4	\N	2025-11-11 17:34:49.03586	2025-11-11 17:34:49.03586	4
2	3	5	\N	2025-11-11 17:34:49.03586	2025-11-11 17:34:49.03586	4
2	3	6	\N	2025-11-11 17:34:49.03586	2025-11-11 17:34:49.03586	4
2	3	7	\N	2025-11-11 17:34:49.03586	2025-11-11 17:34:49.03586	4
2	3	8	\N	2025-11-11 17:34:49.03586	2025-11-11 17:34:49.03586	4
2	3	9	\N	2025-11-11 17:34:49.03586	2025-11-11 17:34:49.03586	4
2	3	10	\N	2025-11-11 17:34:49.03586	2025-11-11 17:34:49.03586	4
2	3	11	\N	2025-11-11 17:34:49.03586	2025-11-11 17:34:49.03586	4
2	3	12	\N	2025-11-11 17:34:49.03586	2025-11-11 17:34:49.03586	4
2	3	13	\N	2025-11-11 17:34:49.03586	2025-11-11 17:34:49.03586	4
2	3	14	\N	2025-11-11 17:34:49.03586	2025-11-11 17:34:49.03586	4
2	3	15	\N	2025-11-11 17:34:49.03586	2025-11-11 17:34:49.03586	4
2	3	16	\N	2025-11-11 17:34:49.03586	2025-11-11 17:34:49.03586	4
2	3	17	\N	2025-11-11 17:34:49.03586	2025-11-11 17:34:49.03586	4
2	3	18	\N	2025-11-11 17:34:49.03586	2025-11-11 17:34:49.03586	4
2	3	19	\N	2025-11-11 17:34:49.03586	2025-11-11 17:34:49.03586	4
2	3	20	\N	2025-11-11 17:34:49.03586	2025-11-11 17:34:49.03586	4
2	4	1	\N	2025-11-11 17:34:49.03586	2025-11-11 17:34:49.03586	4
2	4	2	\N	2025-11-11 17:34:49.03586	2025-11-11 17:34:49.03586	4
2	4	3	\N	2025-11-11 17:34:49.03586	2025-11-11 17:34:49.03586	4
2	4	4	\N	2025-11-11 17:34:49.03586	2025-11-11 17:34:49.03586	4
2	4	5	\N	2025-11-11 17:34:49.03586	2025-11-11 17:34:49.03586	4
2	4	6	\N	2025-11-11 17:34:49.03586	2025-11-11 17:34:49.03586	4
2	4	7	\N	2025-11-11 17:34:49.03586	2025-11-11 17:34:49.03586	4
2	4	8	\N	2025-11-11 17:34:49.03586	2025-11-11 17:34:49.03586	4
2	4	9	\N	2025-11-11 17:34:49.03586	2025-11-11 17:34:49.03586	4
2	4	10	\N	2025-11-11 17:34:49.03586	2025-11-11 17:34:49.03586	4
2	4	11	\N	2025-11-11 17:34:49.03586	2025-11-11 17:34:49.03586	4
2	4	12	\N	2025-11-11 17:34:49.03586	2025-11-11 17:34:49.03586	4
2	4	13	\N	2025-11-11 17:34:49.03586	2025-11-11 17:34:49.03586	4
2	4	14	\N	2025-11-11 17:34:49.03586	2025-11-11 17:34:49.03586	4
2	4	15	\N	2025-11-11 17:34:49.03586	2025-11-11 17:34:49.03586	4
2	4	16	\N	2025-11-11 17:34:49.03586	2025-11-11 17:34:49.03586	4
2	4	17	\N	2025-11-11 17:34:49.03586	2025-11-11 17:34:49.03586	4
2	4	18	\N	2025-11-11 17:34:49.03586	2025-11-11 17:34:49.03586	4
2	4	19	\N	2025-11-11 17:34:49.03586	2025-11-11 17:34:49.03586	4
2	4	20	\N	2025-11-11 17:34:49.03586	2025-11-11 17:34:49.03586	4
2	5	1	\N	2025-11-11 17:34:49.03586	2025-11-11 17:34:49.03586	4
2	5	2	\N	2025-11-11 17:34:49.03586	2025-11-11 17:34:49.03586	4
2	5	3	\N	2025-11-11 17:34:49.03586	2025-11-11 17:34:49.03586	4
2	5	4	\N	2025-11-11 17:34:49.03586	2025-11-11 17:34:49.03586	4
2	5	5	\N	2025-11-11 17:34:49.03586	2025-11-11 17:34:49.03586	4
2	5	6	\N	2025-11-11 17:34:49.03586	2025-11-11 17:34:49.03586	4
2	5	7	\N	2025-11-11 17:34:49.03586	2025-11-11 17:34:49.03586	4
2	5	8	\N	2025-11-11 17:34:49.03586	2025-11-11 17:34:49.03586	4
2	5	9	\N	2025-11-11 17:34:49.03586	2025-11-11 17:34:49.03586	4
2	5	10	\N	2025-11-11 17:34:49.03586	2025-11-11 17:34:49.03586	4
2	5	11	\N	2025-11-11 17:34:49.03586	2025-11-11 17:34:49.03586	4
2	5	12	\N	2025-11-11 17:34:49.03586	2025-11-11 17:34:49.03586	4
2	5	13	\N	2025-11-11 17:34:49.03586	2025-11-11 17:34:49.03586	4
2	5	14	\N	2025-11-11 17:34:49.03586	2025-11-11 17:34:49.03586	4
2	5	15	\N	2025-11-11 17:34:49.03586	2025-11-11 17:34:49.03586	4
2	5	16	\N	2025-11-11 17:34:49.03586	2025-11-11 17:34:49.03586	4
2	5	17	\N	2025-11-11 17:34:49.03586	2025-11-11 17:34:49.03586	4
2	5	18	\N	2025-11-11 17:34:49.03586	2025-11-11 17:34:49.03586	4
2	5	19	\N	2025-11-11 17:34:49.03586	2025-11-11 17:34:49.03586	4
2	5	20	\N	2025-11-11 17:34:49.03586	2025-11-11 17:34:49.03586	4
2	6	1	\N	2025-11-11 17:34:49.03586	2025-11-11 17:34:49.03586	4
2	6	2	\N	2025-11-11 17:34:49.03586	2025-11-11 17:34:49.03586	4
2	6	3	\N	2025-11-11 17:34:49.03586	2025-11-11 17:34:49.03586	4
2	6	4	\N	2025-11-11 17:34:49.03586	2025-11-11 17:34:49.03586	4
2	6	5	\N	2025-11-11 17:34:49.03586	2025-11-11 17:34:49.03586	4
2	6	6	\N	2025-11-11 17:34:49.03586	2025-11-11 17:34:49.03586	4
2	6	7	\N	2025-11-11 17:34:49.03586	2025-11-11 17:34:49.03586	4
2	6	8	\N	2025-11-11 17:34:49.03586	2025-11-11 17:34:49.03586	4
2	6	9	\N	2025-11-11 17:34:49.03586	2025-11-11 17:34:49.03586	4
2	6	10	\N	2025-11-11 17:34:49.03586	2025-11-11 17:34:49.03586	4
2	6	11	\N	2025-11-11 17:34:49.03586	2025-11-11 17:34:49.03586	4
2	6	12	\N	2025-11-11 17:34:49.03586	2025-11-11 17:34:49.03586	4
2	6	13	\N	2025-11-11 17:34:49.03586	2025-11-11 17:34:49.03586	4
2	6	14	\N	2025-11-11 17:34:49.03586	2025-11-11 17:34:49.03586	4
2	6	15	\N	2025-11-11 17:34:49.03586	2025-11-11 17:34:49.03586	4
2	6	16	\N	2025-11-11 17:34:49.03586	2025-11-11 17:34:49.03586	4
2	6	17	\N	2025-11-11 17:34:49.03586	2025-11-11 17:34:49.03586	4
2	6	18	\N	2025-11-11 17:34:49.03586	2025-11-11 17:34:49.03586	4
2	6	19	\N	2025-11-11 17:34:49.03586	2025-11-11 17:34:49.03586	4
2	6	20	\N	2025-11-11 17:34:49.03586	2025-11-11 17:34:49.03586	4
2	7	1	\N	2025-11-11 17:34:49.03586	2025-11-11 17:34:49.03586	4
2	7	2	\N	2025-11-11 17:34:49.03586	2025-11-11 17:34:49.03586	4
2	7	3	\N	2025-11-11 17:34:49.03586	2025-11-11 17:34:49.03586	4
2	7	4	\N	2025-11-11 17:34:49.03586	2025-11-11 17:34:49.03586	4
2	7	5	\N	2025-11-11 17:34:49.03586	2025-11-11 17:34:49.03586	4
2	7	6	\N	2025-11-11 17:34:49.03586	2025-11-11 17:34:49.03586	4
2	7	7	\N	2025-11-11 17:34:49.03586	2025-11-11 17:34:49.03586	4
2	7	8	\N	2025-11-11 17:34:49.03586	2025-11-11 17:34:49.03586	4
2	7	9	\N	2025-11-11 17:34:49.03586	2025-11-11 17:34:49.03586	4
2	7	10	\N	2025-11-11 17:34:49.03586	2025-11-11 17:34:49.03586	4
2	7	11	\N	2025-11-11 17:34:49.03586	2025-11-11 17:34:49.03586	4
2	7	12	\N	2025-11-11 17:34:49.03586	2025-11-11 17:34:49.03586	4
2	7	13	\N	2025-11-11 17:34:49.03586	2025-11-11 17:34:49.03586	4
2	7	14	\N	2025-11-11 17:34:49.03586	2025-11-11 17:34:49.03586	4
2	7	15	\N	2025-11-11 17:34:49.03586	2025-11-11 17:34:49.03586	4
2	7	16	\N	2025-11-11 17:34:49.03586	2025-11-11 17:34:49.03586	4
2	7	17	\N	2025-11-11 17:34:49.03586	2025-11-11 17:34:49.03586	4
2	7	18	\N	2025-11-11 17:34:49.03586	2025-11-11 17:34:49.03586	4
2	7	19	\N	2025-11-11 17:34:49.03586	2025-11-11 17:34:49.03586	4
2	7	20	\N	2025-11-11 17:34:49.03586	2025-11-11 17:34:49.03586	4
2	8	1	\N	2025-11-11 17:34:49.03586	2025-11-11 17:34:49.03586	4
2	8	2	\N	2025-11-11 17:34:49.03586	2025-11-11 17:34:49.03586	4
2	8	3	\N	2025-11-11 17:34:49.03586	2025-11-11 17:34:49.03586	4
2	8	4	\N	2025-11-11 17:34:49.03586	2025-11-11 17:34:49.03586	4
2	8	5	\N	2025-11-11 17:34:49.03586	2025-11-11 17:34:49.03586	4
2	8	6	\N	2025-11-11 17:34:49.03586	2025-11-11 17:34:49.03586	4
2	8	7	\N	2025-11-11 17:34:49.03586	2025-11-11 17:34:49.03586	4
2	8	8	\N	2025-11-11 17:34:49.03586	2025-11-11 17:34:49.03586	4
2	8	9	\N	2025-11-11 17:34:49.03586	2025-11-11 17:34:49.03586	4
2	8	10	\N	2025-11-11 17:34:49.03586	2025-11-11 17:34:49.03586	4
2	8	11	\N	2025-11-11 17:34:49.03586	2025-11-11 17:34:49.03586	4
2	8	12	\N	2025-11-11 17:34:49.03586	2025-11-11 17:34:49.03586	4
2	8	13	\N	2025-11-11 17:34:49.03586	2025-11-11 17:34:49.03586	4
2	8	14	\N	2025-11-11 17:34:49.03586	2025-11-11 17:34:49.03586	4
2	8	15	\N	2025-11-11 17:34:49.03586	2025-11-11 17:34:49.03586	4
2	8	16	\N	2025-11-11 17:34:49.03586	2025-11-11 17:34:49.03586	4
2	8	17	\N	2025-11-11 17:34:49.03586	2025-11-11 17:34:49.03586	4
2	8	18	\N	2025-11-11 17:34:49.03586	2025-11-11 17:34:49.03586	4
2	8	19	\N	2025-11-11 17:34:49.03586	2025-11-11 17:34:49.03586	4
2	8	20	\N	2025-11-11 17:34:49.03586	2025-11-11 17:34:49.03586	4
2	9	1	\N	2025-11-11 17:34:49.03586	2025-11-11 17:34:49.03586	4
2	9	2	\N	2025-11-11 17:34:49.03586	2025-11-11 17:34:49.03586	4
2	9	3	\N	2025-11-11 17:34:49.03586	2025-11-11 17:34:49.03586	4
2	9	4	\N	2025-11-11 17:34:49.03586	2025-11-11 17:34:49.03586	4
2	9	5	\N	2025-11-11 17:34:49.03586	2025-11-11 17:34:49.03586	4
2	9	6	\N	2025-11-11 17:34:49.03586	2025-11-11 17:34:49.03586	4
2	9	7	\N	2025-11-11 17:34:49.03586	2025-11-11 17:34:49.03586	4
2	9	8	\N	2025-11-11 17:34:49.03586	2025-11-11 17:34:49.03586	4
2	9	9	\N	2025-11-11 17:34:49.03586	2025-11-11 17:34:49.03586	4
2	9	10	\N	2025-11-11 17:34:49.03586	2025-11-11 17:34:49.03586	4
2	9	11	\N	2025-11-11 17:34:49.03586	2025-11-11 17:34:49.03586	4
2	9	12	\N	2025-11-11 17:34:49.03586	2025-11-11 17:34:49.03586	4
2	9	13	\N	2025-11-11 17:34:49.03586	2025-11-11 17:34:49.03586	4
2	9	14	\N	2025-11-11 17:34:49.03586	2025-11-11 17:34:49.03586	4
2	9	15	\N	2025-11-11 17:34:49.03586	2025-11-11 17:34:49.03586	4
2	9	16	\N	2025-11-11 17:34:49.03586	2025-11-11 17:34:49.03586	4
2	9	17	\N	2025-11-11 17:34:49.03586	2025-11-11 17:34:49.03586	4
2	9	18	\N	2025-11-11 17:34:49.03586	2025-11-11 17:34:49.03586	4
2	9	19	\N	2025-11-11 17:34:49.03586	2025-11-11 17:34:49.03586	4
2	9	20	\N	2025-11-11 17:34:49.03586	2025-11-11 17:34:49.03586	4
2	10	1	\N	2025-11-11 17:34:49.03586	2025-11-11 17:34:49.03586	4
2	10	2	\N	2025-11-11 17:34:49.03586	2025-11-11 17:34:49.03586	4
2	10	3	\N	2025-11-11 17:34:49.03586	2025-11-11 17:34:49.03586	4
2	10	4	\N	2025-11-11 17:34:49.03586	2025-11-11 17:34:49.03586	4
2	10	5	\N	2025-11-11 17:34:49.03586	2025-11-11 17:34:49.03586	4
2	10	6	\N	2025-11-11 17:34:49.03586	2025-11-11 17:34:49.03586	4
2	10	7	\N	2025-11-11 17:34:49.03586	2025-11-11 17:34:49.03586	4
2	10	8	\N	2025-11-11 17:34:49.03586	2025-11-11 17:34:49.03586	4
2	10	9	\N	2025-11-11 17:34:49.03586	2025-11-11 17:34:49.03586	4
2	10	12	\N	2025-11-11 17:34:49.03586	2025-11-11 17:34:49.03586	4
2	10	14	\N	2025-11-11 17:34:49.03586	2025-11-11 17:34:49.03586	4
2	10	15	\N	2025-11-11 17:34:49.03586	2025-11-11 17:34:49.03586	4
2	10	16	\N	2025-11-11 17:34:49.03586	2025-11-11 17:34:49.03586	4
2	10	17	\N	2025-11-11 17:34:49.03586	2025-11-11 17:34:49.03586	4
2	10	18	\N	2025-11-11 17:34:49.03586	2025-11-11 17:34:49.03586	4
2	10	19	\N	2025-11-11 17:34:49.03586	2025-11-11 17:34:49.03586	4
2	10	20	\N	2025-11-11 17:34:49.03586	2025-11-11 17:34:49.03586	4
2	11	1	\N	2025-11-11 17:34:49.03586	2025-11-11 17:34:49.03586	4
2	11	2	\N	2025-11-11 17:34:49.03586	2025-11-11 17:34:49.03586	4
2	11	3	\N	2025-11-11 17:34:49.03586	2025-11-11 17:34:49.03586	4
2	11	4	\N	2025-11-11 17:34:49.03586	2025-11-11 17:34:49.03586	4
2	11	5	\N	2025-11-11 17:34:49.03586	2025-11-11 17:34:49.03586	4
2	11	6	\N	2025-11-11 17:34:49.03586	2025-11-11 17:34:49.03586	4
2	11	7	\N	2025-11-11 17:34:49.03586	2025-11-11 17:34:49.03586	4
2	11	8	\N	2025-11-11 17:34:49.03586	2025-11-11 17:34:49.03586	4
2	11	9	\N	2025-11-11 17:34:49.03586	2025-11-11 17:34:49.03586	4
2	11	10	\N	2025-11-11 17:34:49.03586	2025-11-11 17:34:49.03586	4
2	11	11	\N	2025-11-11 17:34:49.03586	2025-11-11 17:34:49.03586	4
2	11	12	\N	2025-11-11 17:34:49.03586	2025-11-11 17:34:49.03586	4
2	11	13	\N	2025-11-11 17:34:49.03586	2025-11-11 17:34:49.03586	4
2	11	14	\N	2025-11-11 17:34:49.03586	2025-11-11 17:34:49.03586	4
2	11	15	\N	2025-11-11 17:34:49.03586	2025-11-11 17:34:49.03586	4
2	11	16	\N	2025-11-11 17:34:49.03586	2025-11-11 17:34:49.03586	4
2	11	17	\N	2025-11-11 17:34:49.03586	2025-11-11 17:34:49.03586	4
2	11	18	\N	2025-11-11 17:34:49.03586	2025-11-11 17:34:49.03586	4
2	11	19	\N	2025-11-11 17:34:49.03586	2025-11-11 17:34:49.03586	4
2	11	20	\N	2025-11-11 17:34:49.03586	2025-11-11 17:34:49.03586	4
2	12	1	\N	2025-11-11 17:34:49.03586	2025-11-11 17:34:49.03586	4
2	12	2	\N	2025-11-11 17:34:49.03586	2025-11-11 17:34:49.03586	4
2	12	3	\N	2025-11-11 17:34:49.03586	2025-11-11 17:34:49.03586	4
2	12	4	\N	2025-11-11 17:34:49.03586	2025-11-11 17:34:49.03586	4
2	12	5	\N	2025-11-11 17:34:49.03586	2025-11-11 17:34:49.03586	4
2	12	6	\N	2025-11-11 17:34:49.03586	2025-11-11 17:34:49.03586	4
2	12	7	\N	2025-11-11 17:34:49.03586	2025-11-11 17:34:49.03586	4
2	12	8	\N	2025-11-11 17:34:49.03586	2025-11-11 17:34:49.03586	4
2	12	9	\N	2025-11-11 17:34:49.03586	2025-11-11 17:34:49.03586	4
2	12	10	\N	2025-11-11 17:34:49.03586	2025-11-11 17:34:49.03586	4
2	12	11	\N	2025-11-11 17:34:49.03586	2025-11-11 17:34:49.03586	4
2	12	12	\N	2025-11-11 17:34:49.03586	2025-11-11 17:34:49.03586	4
2	12	13	\N	2025-11-11 17:34:49.03586	2025-11-11 17:34:49.03586	4
2	12	14	\N	2025-11-11 17:34:49.03586	2025-11-11 17:34:49.03586	4
2	12	15	\N	2025-11-11 17:34:49.03586	2025-11-11 17:34:49.03586	4
2	12	16	\N	2025-11-11 17:34:49.03586	2025-11-11 17:34:49.03586	4
2	12	17	\N	2025-11-11 17:34:49.03586	2025-11-11 17:34:49.03586	4
2	12	18	\N	2025-11-11 17:34:49.03586	2025-11-11 17:34:49.03586	4
2	12	19	\N	2025-11-11 17:34:49.03586	2025-11-11 17:34:49.03586	4
2	12	20	\N	2025-11-11 17:34:49.03586	2025-11-11 17:34:49.03586	4
2	10	11	\N	2025-11-11 17:34:49.03586	2026-01-14 12:22:51.711574	4
2	13	1	\N	2025-11-11 17:34:49.03586	2025-11-11 17:34:49.03586	4
2	13	2	\N	2025-11-11 17:34:49.03586	2025-11-11 17:34:49.03586	4
2	13	3	\N	2025-11-11 17:34:49.03586	2025-11-11 17:34:49.03586	4
2	13	4	\N	2025-11-11 17:34:49.03586	2025-11-11 17:34:49.03586	4
2	13	5	\N	2025-11-11 17:34:49.03586	2025-11-11 17:34:49.03586	4
2	13	6	\N	2025-11-11 17:34:49.03586	2025-11-11 17:34:49.03586	4
2	13	7	\N	2025-11-11 17:34:49.03586	2025-11-11 17:34:49.03586	4
2	13	8	\N	2025-11-11 17:34:49.03586	2025-11-11 17:34:49.03586	4
2	13	9	\N	2025-11-11 17:34:49.03586	2025-11-11 17:34:49.03586	4
2	13	10	\N	2025-11-11 17:34:49.03586	2025-11-11 17:34:49.03586	4
2	13	11	\N	2025-11-11 17:34:49.03586	2025-11-11 17:34:49.03586	4
2	13	12	\N	2025-11-11 17:34:49.03586	2025-11-11 17:34:49.03586	4
2	13	13	\N	2025-11-11 17:34:49.03586	2025-11-11 17:34:49.03586	4
2	13	14	\N	2025-11-11 17:34:49.03586	2025-11-11 17:34:49.03586	4
2	13	15	\N	2025-11-11 17:34:49.03586	2025-11-11 17:34:49.03586	4
2	13	16	\N	2025-11-11 17:34:49.03586	2025-11-11 17:34:49.03586	4
2	13	17	\N	2025-11-11 17:34:49.03586	2025-11-11 17:34:49.03586	4
2	13	18	\N	2025-11-11 17:34:49.03586	2025-11-11 17:34:49.03586	4
2	13	19	\N	2025-11-11 17:34:49.03586	2025-11-11 17:34:49.03586	4
2	13	20	\N	2025-11-11 17:34:49.03586	2025-11-11 17:34:49.03586	4
2	14	1	\N	2025-11-11 17:34:49.03586	2025-11-11 17:34:49.03586	4
2	14	2	\N	2025-11-11 17:34:49.03586	2025-11-11 17:34:49.03586	4
2	14	3	\N	2025-11-11 17:34:49.03586	2025-11-11 17:34:49.03586	4
2	14	4	\N	2025-11-11 17:34:49.03586	2025-11-11 17:34:49.03586	4
2	14	5	\N	2025-11-11 17:34:49.03586	2025-11-11 17:34:49.03586	4
2	14	6	\N	2025-11-11 17:34:49.03586	2025-11-11 17:34:49.03586	4
2	14	7	\N	2025-11-11 17:34:49.03586	2025-11-11 17:34:49.03586	4
2	14	8	\N	2025-11-11 17:34:49.03586	2025-11-11 17:34:49.03586	4
2	14	9	\N	2025-11-11 17:34:49.03586	2025-11-11 17:34:49.03586	4
2	14	10	\N	2025-11-11 17:34:49.03586	2025-11-11 17:34:49.03586	4
2	14	11	\N	2025-11-11 17:34:49.03586	2025-11-11 17:34:49.03586	4
2	14	12	\N	2025-11-11 17:34:49.03586	2025-11-11 17:34:49.03586	4
2	14	13	\N	2025-11-11 17:34:49.03586	2025-11-11 17:34:49.03586	4
2	14	14	\N	2025-11-11 17:34:49.03586	2025-11-11 17:34:49.03586	4
2	14	15	\N	2025-11-11 17:34:49.03586	2025-11-11 17:34:49.03586	4
2	14	16	\N	2025-11-11 17:34:49.03586	2025-11-11 17:34:49.03586	4
2	14	17	\N	2025-11-11 17:34:49.03586	2025-11-11 17:34:49.03586	4
2	14	18	\N	2025-11-11 17:34:49.03586	2025-11-11 17:34:49.03586	4
2	14	19	\N	2025-11-11 17:34:49.03586	2025-11-11 17:34:49.03586	4
2	14	20	\N	2025-11-11 17:34:49.03586	2025-11-11 17:34:49.03586	4
2	15	1	\N	2025-11-11 17:34:49.03586	2025-11-11 17:34:49.03586	4
2	15	2	\N	2025-11-11 17:34:49.03586	2025-11-11 17:34:49.03586	4
2	15	3	\N	2025-11-11 17:34:49.03586	2025-11-11 17:34:49.03586	4
2	15	4	\N	2025-11-11 17:34:49.03586	2025-11-11 17:34:49.03586	4
2	15	5	\N	2025-11-11 17:34:49.03586	2025-11-11 17:34:49.03586	4
2	15	6	\N	2025-11-11 17:34:49.03586	2025-11-11 17:34:49.03586	4
2	15	7	\N	2025-11-11 17:34:49.03586	2025-11-11 17:34:49.03586	4
2	15	8	\N	2025-11-11 17:34:49.03586	2025-11-11 17:34:49.03586	4
2	15	9	\N	2025-11-11 17:34:49.03586	2025-11-11 17:34:49.03586	4
2	15	10	\N	2025-11-11 17:34:49.03586	2025-11-11 17:34:49.03586	4
2	15	11	\N	2025-11-11 17:34:49.03586	2025-11-11 17:34:49.03586	4
2	15	12	\N	2025-11-11 17:34:49.03586	2025-11-11 17:34:49.03586	4
2	15	13	\N	2025-11-11 17:34:49.03586	2025-11-11 17:34:49.03586	4
2	15	14	\N	2025-11-11 17:34:49.03586	2025-11-11 17:34:49.03586	4
2	15	15	\N	2025-11-11 17:34:49.03586	2025-11-11 17:34:49.03586	4
2	15	16	\N	2025-11-11 17:34:49.03586	2025-11-11 17:34:49.03586	4
2	15	17	\N	2025-11-11 17:34:49.03586	2025-11-11 17:34:49.03586	4
2	15	18	\N	2025-11-11 17:34:49.03586	2025-11-11 17:34:49.03586	4
2	15	19	\N	2025-11-11 17:34:49.03586	2025-11-11 17:34:49.03586	4
2	15	20	\N	2025-11-11 17:34:49.03586	2025-11-11 17:34:49.03586	4
2	16	1	\N	2025-11-11 17:34:49.03586	2025-11-11 17:34:49.03586	4
2	16	2	\N	2025-11-11 17:34:49.03586	2025-11-11 17:34:49.03586	4
2	16	3	\N	2025-11-11 17:34:49.03586	2025-11-11 17:34:49.03586	4
2	16	4	\N	2025-11-11 17:34:49.03586	2025-11-11 17:34:49.03586	4
2	16	5	\N	2025-11-11 17:34:49.03586	2025-11-11 17:34:49.03586	4
2	16	6	\N	2025-11-11 17:34:49.03586	2025-11-11 17:34:49.03586	4
2	16	7	\N	2025-11-11 17:34:49.03586	2025-11-11 17:34:49.03586	4
2	16	8	\N	2025-11-11 17:34:49.03586	2025-11-11 17:34:49.03586	4
2	16	9	\N	2025-11-11 17:34:49.03586	2025-11-11 17:34:49.03586	4
2	16	10	\N	2025-11-11 17:34:49.03586	2025-11-11 17:34:49.03586	4
2	16	11	\N	2025-11-11 17:34:49.03586	2025-11-11 17:34:49.03586	4
2	16	12	\N	2025-11-11 17:34:49.03586	2025-11-11 17:34:49.03586	4
2	16	13	\N	2025-11-11 17:34:49.03586	2025-11-11 17:34:49.03586	4
2	16	14	\N	2025-11-11 17:34:49.03586	2025-11-11 17:34:49.03586	4
2	16	15	\N	2025-11-11 17:34:49.03586	2025-11-11 17:34:49.03586	4
2	16	16	\N	2025-11-11 17:34:49.03586	2025-11-11 17:34:49.03586	4
2	16	17	\N	2025-11-11 17:34:49.03586	2025-11-11 17:34:49.03586	4
2	16	18	\N	2025-11-11 17:34:49.03586	2025-11-11 17:34:49.03586	4
2	16	19	\N	2025-11-11 17:34:49.03586	2025-11-11 17:34:49.03586	4
2	16	20	\N	2025-11-11 17:34:49.03586	2025-11-11 17:34:49.03586	4
2	17	1	\N	2025-11-11 17:34:49.03586	2025-11-11 17:34:49.03586	4
2	17	2	\N	2025-11-11 17:34:49.03586	2025-11-11 17:34:49.03586	4
2	17	3	\N	2025-11-11 17:34:49.03586	2025-11-11 17:34:49.03586	4
2	17	4	\N	2025-11-11 17:34:49.03586	2025-11-11 17:34:49.03586	4
2	17	5	\N	2025-11-11 17:34:49.03586	2025-11-11 17:34:49.03586	4
2	17	6	\N	2025-11-11 17:34:49.03586	2025-11-11 17:34:49.03586	4
2	17	7	\N	2025-11-11 17:34:49.03586	2025-11-11 17:34:49.03586	4
2	17	8	\N	2025-11-11 17:34:49.03586	2025-11-11 17:34:49.03586	4
2	17	9	\N	2025-11-11 17:34:49.03586	2025-11-11 17:34:49.03586	4
2	17	10	\N	2025-11-11 17:34:49.03586	2025-11-11 17:34:49.03586	4
2	17	11	\N	2025-11-11 17:34:49.03586	2025-11-11 17:34:49.03586	4
2	17	12	\N	2025-11-11 17:34:49.03586	2025-11-11 17:34:49.03586	4
2	17	13	\N	2025-11-11 17:34:49.03586	2025-11-11 17:34:49.03586	4
2	17	14	\N	2025-11-11 17:34:49.03586	2025-11-11 17:34:49.03586	4
2	17	15	\N	2025-11-11 17:34:49.03586	2025-11-11 17:34:49.03586	4
2	17	16	\N	2025-11-11 17:34:49.03586	2025-11-11 17:34:49.03586	4
2	17	17	\N	2025-11-11 17:34:49.03586	2025-11-11 17:34:49.03586	4
2	17	18	\N	2025-11-11 17:34:49.03586	2025-11-11 17:34:49.03586	4
2	17	19	\N	2025-11-11 17:34:49.03586	2025-11-11 17:34:49.03586	4
2	17	20	\N	2025-11-11 17:34:49.03586	2025-11-11 17:34:49.03586	4
2	18	1	\N	2025-11-11 17:34:49.03586	2025-11-11 17:34:49.03586	4
2	18	2	\N	2025-11-11 17:34:49.03586	2025-11-11 17:34:49.03586	4
2	18	3	\N	2025-11-11 17:34:49.03586	2025-11-11 17:34:49.03586	4
2	18	4	\N	2025-11-11 17:34:49.03586	2025-11-11 17:34:49.03586	4
2	18	5	\N	2025-11-11 17:34:49.03586	2025-11-11 17:34:49.03586	4
2	18	6	\N	2025-11-11 17:34:49.03586	2025-11-11 17:34:49.03586	4
2	18	7	\N	2025-11-11 17:34:49.03586	2025-11-11 17:34:49.03586	4
2	18	8	\N	2025-11-11 17:34:49.03586	2025-11-11 17:34:49.03586	4
2	18	9	\N	2025-11-11 17:34:49.03586	2025-11-11 17:34:49.03586	4
2	18	10	\N	2025-11-11 17:34:49.03586	2025-11-11 17:34:49.03586	4
2	18	11	\N	2025-11-11 17:34:49.03586	2025-11-11 17:34:49.03586	4
2	18	12	\N	2025-11-11 17:34:49.03586	2025-11-11 17:34:49.03586	4
2	18	13	\N	2025-11-11 17:34:49.03586	2025-11-11 17:34:49.03586	4
2	18	14	\N	2025-11-11 17:34:49.03586	2025-11-11 17:34:49.03586	4
2	18	15	\N	2025-11-11 17:34:49.03586	2025-11-11 17:34:49.03586	4
2	18	16	\N	2025-11-11 17:34:49.03586	2025-11-11 17:34:49.03586	4
2	18	17	\N	2025-11-11 17:34:49.03586	2025-11-11 17:34:49.03586	4
2	18	18	\N	2025-11-11 17:34:49.03586	2025-11-11 17:34:49.03586	4
2	18	19	\N	2025-11-11 17:34:49.03586	2025-11-11 17:34:49.03586	4
2	18	20	\N	2025-11-11 17:34:49.03586	2025-11-11 17:34:49.03586	4
2	19	1	\N	2025-11-11 17:34:49.03586	2025-11-11 17:34:49.03586	4
2	19	2	\N	2025-11-11 17:34:49.03586	2025-11-11 17:34:49.03586	4
2	19	3	\N	2025-11-11 17:34:49.03586	2025-11-11 17:34:49.03586	4
2	19	4	\N	2025-11-11 17:34:49.03586	2025-11-11 17:34:49.03586	4
2	19	5	\N	2025-11-11 17:34:49.03586	2025-11-11 17:34:49.03586	4
2	19	6	\N	2025-11-11 17:34:49.03586	2025-11-11 17:34:49.03586	4
2	19	7	\N	2025-11-11 17:34:49.03586	2025-11-11 17:34:49.03586	4
2	19	8	\N	2025-11-11 17:34:49.03586	2025-11-11 17:34:49.03586	4
2	19	9	\N	2025-11-11 17:34:49.03586	2025-11-11 17:34:49.03586	4
2	19	10	\N	2025-11-11 17:34:49.03586	2025-11-11 17:34:49.03586	4
2	19	11	\N	2025-11-11 17:34:49.03586	2025-11-11 17:34:49.03586	4
2	19	12	\N	2025-11-11 17:34:49.03586	2025-11-11 17:34:49.03586	4
2	19	13	\N	2025-11-11 17:34:49.03586	2025-11-11 17:34:49.03586	4
2	19	14	\N	2025-11-11 17:34:49.03586	2025-11-11 17:34:49.03586	4
2	19	15	\N	2025-11-11 17:34:49.03586	2025-11-11 17:34:49.03586	4
2	19	16	\N	2025-11-11 17:34:49.03586	2025-11-11 17:34:49.03586	4
2	19	17	\N	2025-11-11 17:34:49.03586	2025-11-11 17:34:49.03586	4
2	19	18	\N	2025-11-11 17:34:49.03586	2025-11-11 17:34:49.03586	4
2	19	19	\N	2025-11-11 17:34:49.03586	2025-11-11 17:34:49.03586	4
2	19	20	\N	2025-11-11 17:34:49.03586	2025-11-11 17:34:49.03586	4
2	20	1	\N	2025-11-11 17:34:49.03586	2025-11-11 17:34:49.03586	4
2	20	2	\N	2025-11-11 17:34:49.03586	2025-11-11 17:34:49.03586	4
2	20	3	\N	2025-11-11 17:34:49.03586	2025-11-11 17:34:49.03586	4
2	20	4	\N	2025-11-11 17:34:49.03586	2025-11-11 17:34:49.03586	4
2	20	5	\N	2025-11-11 17:34:49.03586	2025-11-11 17:34:49.03586	4
2	20	6	\N	2025-11-11 17:34:49.03586	2025-11-11 17:34:49.03586	4
2	20	7	\N	2025-11-11 17:34:49.03586	2025-11-11 17:34:49.03586	4
2	20	8	\N	2025-11-11 17:34:49.03586	2025-11-11 17:34:49.03586	4
2	20	9	\N	2025-11-11 17:34:49.03586	2025-11-11 17:34:49.03586	4
2	20	10	\N	2025-11-11 17:34:49.03586	2025-11-11 17:34:49.03586	4
2	20	11	\N	2025-11-11 17:34:49.03586	2025-11-11 17:34:49.03586	4
2	20	12	\N	2025-11-11 17:34:49.03586	2025-11-11 17:34:49.03586	4
2	20	13	\N	2025-11-11 17:34:49.03586	2025-11-11 17:34:49.03586	4
2	20	14	\N	2025-11-11 17:34:49.03586	2025-11-11 17:34:49.03586	4
2	20	15	\N	2025-11-11 17:34:49.03586	2025-11-11 17:34:49.03586	4
2	20	16	\N	2025-11-11 17:34:49.03586	2025-11-11 17:34:49.03586	4
2	20	17	\N	2025-11-11 17:34:49.03586	2025-11-11 17:34:49.03586	4
2	20	18	\N	2025-11-11 17:34:49.03586	2025-11-11 17:34:49.03586	4
2	20	19	\N	2025-11-11 17:34:49.03586	2025-11-11 17:34:49.03586	4
2	20	20	\N	2025-11-11 17:34:49.03586	2025-11-11 17:34:49.03586	4
8	1	1	\N	2025-11-18 20:38:32.071479	2025-11-18 20:38:32.071479	6
8	1	2	\N	2025-11-18 20:38:32.071479	2025-11-18 20:38:32.071479	6
8	1	3	\N	2025-11-18 20:38:32.071479	2025-11-18 20:38:32.071479	6
8	1	4	\N	2025-11-18 20:38:32.071479	2025-11-18 20:38:32.071479	6
8	1	5	\N	2025-11-18 20:38:32.071479	2025-11-18 20:38:32.071479	6
8	1	6	\N	2025-11-18 20:38:32.071479	2025-11-18 20:38:32.071479	6
8	1	7	\N	2025-11-18 20:38:32.071479	2025-11-18 20:38:32.071479	6
8	1	8	\N	2025-11-18 20:38:32.071479	2025-11-18 20:38:32.071479	6
8	1	9	\N	2025-11-18 20:38:32.071479	2025-11-18 20:38:32.071479	6
8	1	10	\N	2025-11-18 20:38:32.071479	2025-11-18 20:38:32.071479	6
8	1	11	\N	2025-11-18 20:38:32.071479	2025-11-18 20:38:32.071479	6
8	2	1	\N	2025-11-18 20:38:32.071479	2025-11-18 20:38:32.071479	6
8	2	2	\N	2025-11-18 20:38:32.071479	2025-11-18 20:38:32.071479	6
8	2	3	\N	2025-11-18 20:38:32.071479	2025-11-18 20:38:32.071479	6
8	2	4	\N	2025-11-18 20:38:32.071479	2025-11-18 20:38:32.071479	6
8	2	5	\N	2025-11-18 20:38:32.071479	2025-11-18 20:38:32.071479	6
8	2	6	\N	2025-11-18 20:38:32.071479	2025-11-18 20:38:32.071479	6
8	2	7	\N	2025-11-18 20:38:32.071479	2025-11-18 20:38:32.071479	6
8	2	8	\N	2025-11-18 20:38:32.071479	2025-11-18 20:38:32.071479	6
8	2	9	\N	2025-11-18 20:38:32.071479	2025-11-18 20:38:32.071479	6
8	2	10	\N	2025-11-18 20:38:32.071479	2025-11-18 20:38:32.071479	6
8	2	11	\N	2025-11-18 20:38:32.071479	2025-11-18 20:38:32.071479	6
8	3	1	\N	2025-11-18 20:38:32.071479	2025-11-18 20:38:32.071479	6
8	3	2	\N	2025-11-18 20:38:32.071479	2025-11-18 20:38:32.071479	6
8	3	3	\N	2025-11-18 20:38:32.071479	2025-11-18 20:38:32.071479	6
8	3	6	187921cc-f5b9-44d9-93db-98fdeed2ea23	2025-11-18 20:38:32.071479	2026-03-17 20:52:38.346128	6
8	3	7	\N	2025-11-18 20:38:32.071479	2025-11-18 20:38:32.071479	6
8	3	8	\N	2025-11-18 20:38:32.071479	2025-11-18 20:38:32.071479	6
8	3	9	\N	2025-11-18 20:38:32.071479	2025-11-18 20:38:32.071479	6
8	3	10	\N	2025-11-18 20:38:32.071479	2025-11-18 20:38:32.071479	6
8	3	11	\N	2025-11-18 20:38:32.071479	2025-11-18 20:38:32.071479	6
8	4	1	\N	2025-11-18 20:38:32.071479	2025-11-18 20:38:32.071479	6
8	4	2	\N	2025-11-18 20:38:32.071479	2025-11-18 20:38:32.071479	6
8	4	3	\N	2025-11-18 20:38:32.071479	2025-11-18 20:38:32.071479	6
8	4	4	\N	2025-11-18 20:38:32.071479	2025-11-18 20:38:32.071479	6
8	4	5	\N	2025-11-18 20:38:32.071479	2025-11-18 20:38:32.071479	6
8	4	6	\N	2025-11-18 20:38:32.071479	2025-11-18 20:38:32.071479	6
8	4	7	\N	2025-11-18 20:38:32.071479	2025-11-18 20:38:32.071479	6
8	4	8	\N	2025-11-18 20:38:32.071479	2025-11-18 20:38:32.071479	6
8	4	9	\N	2025-11-18 20:38:32.071479	2025-11-18 20:38:32.071479	6
8	4	10	\N	2025-11-18 20:38:32.071479	2025-11-18 20:38:32.071479	6
8	4	11	\N	2025-11-18 20:38:32.071479	2025-11-18 20:38:32.071479	6
8	5	1	\N	2025-11-18 20:38:32.071479	2025-11-18 20:38:32.071479	6
8	5	2	\N	2025-11-18 20:38:32.071479	2025-11-18 20:38:32.071479	6
8	5	3	\N	2025-11-18 20:38:32.071479	2025-11-18 20:38:32.071479	6
8	5	4	\N	2025-11-18 20:38:32.071479	2025-11-18 20:38:32.071479	6
8	5	5	\N	2025-11-18 20:38:32.071479	2025-11-18 20:38:32.071479	6
8	5	6	\N	2025-11-18 20:38:32.071479	2025-11-18 20:38:32.071479	6
8	5	7	\N	2025-11-18 20:38:32.071479	2025-11-18 20:38:32.071479	6
8	5	8	\N	2025-11-18 20:38:32.071479	2025-11-18 20:38:32.071479	6
8	5	9	\N	2025-11-18 20:38:32.071479	2025-11-18 20:38:32.071479	6
8	5	10	\N	2025-11-18 20:38:32.071479	2025-11-18 20:38:32.071479	6
8	5	11	\N	2025-11-18 20:38:32.071479	2025-11-18 20:38:32.071479	6
8	6	1	\N	2025-11-18 20:38:32.071479	2025-11-18 20:38:32.071479	6
8	6	2	\N	2025-11-18 20:38:32.071479	2025-11-18 20:38:32.071479	6
8	6	3	\N	2025-11-18 20:38:32.071479	2025-11-18 20:38:32.071479	6
8	6	4	\N	2025-11-18 20:38:32.071479	2025-11-18 20:38:32.071479	6
8	6	5	\N	2025-11-18 20:38:32.071479	2025-11-18 20:38:32.071479	6
8	6	6	\N	2025-11-18 20:38:32.071479	2025-11-18 20:38:32.071479	6
8	6	7	\N	2025-11-18 20:38:32.071479	2025-11-18 20:38:32.071479	6
8	6	8	\N	2025-11-18 20:38:32.071479	2025-11-18 20:38:32.071479	6
8	6	9	\N	2025-11-18 20:38:32.071479	2025-11-18 20:38:32.071479	6
8	6	10	\N	2025-11-18 20:38:32.071479	2025-11-18 20:38:32.071479	6
8	6	11	\N	2025-11-18 20:38:32.071479	2025-11-18 20:38:32.071479	6
8	7	1	\N	2025-11-18 20:38:32.071479	2025-11-18 20:38:32.071479	6
8	7	2	\N	2025-11-18 20:38:32.071479	2025-11-18 20:38:32.071479	6
8	7	3	\N	2025-11-18 20:38:32.071479	2025-11-18 20:38:32.071479	6
8	7	4	\N	2025-11-18 20:38:32.071479	2025-11-18 20:38:32.071479	6
8	7	5	\N	2025-11-18 20:38:32.071479	2025-11-18 20:38:32.071479	6
8	7	6	\N	2025-11-18 20:38:32.071479	2025-11-18 20:38:32.071479	6
8	7	7	\N	2025-11-18 20:38:32.071479	2025-11-18 20:38:32.071479	6
8	7	8	\N	2025-11-18 20:38:32.071479	2025-11-18 20:38:32.071479	6
8	7	9	\N	2025-11-18 20:38:32.071479	2025-11-18 20:38:32.071479	6
8	7	10	\N	2025-11-18 20:38:32.071479	2025-11-18 20:38:32.071479	6
8	7	11	\N	2025-11-18 20:38:32.071479	2025-11-18 20:38:32.071479	6
8	8	1	\N	2025-11-18 20:38:32.071479	2025-11-18 20:38:32.071479	6
8	8	2	\N	2025-11-18 20:38:32.071479	2025-11-18 20:38:32.071479	6
8	8	3	\N	2025-11-18 20:38:32.071479	2025-11-18 20:38:32.071479	6
8	8	4	\N	2025-11-18 20:38:32.071479	2025-11-18 20:38:32.071479	6
8	8	5	\N	2025-11-18 20:38:32.071479	2025-11-18 20:38:32.071479	6
8	8	6	\N	2025-11-18 20:38:32.071479	2025-11-18 20:38:32.071479	6
8	8	7	\N	2025-11-18 20:38:32.071479	2025-11-18 20:38:32.071479	6
8	8	8	\N	2025-11-18 20:38:32.071479	2025-11-18 20:38:32.071479	6
8	8	9	\N	2025-11-18 20:38:32.071479	2025-11-18 20:38:32.071479	6
8	8	10	\N	2025-11-18 20:38:32.071479	2025-11-18 20:38:32.071479	6
8	8	11	\N	2025-11-18 20:38:32.071479	2025-11-18 20:38:32.071479	6
8	9	1	\N	2025-11-18 20:38:32.071479	2025-11-18 20:38:32.071479	6
8	9	2	\N	2025-11-18 20:38:32.071479	2025-11-18 20:38:32.071479	6
8	9	3	\N	2025-11-18 20:38:32.071479	2025-11-18 20:38:32.071479	6
8	9	4	\N	2025-11-18 20:38:32.071479	2025-11-18 20:38:32.071479	6
8	9	5	\N	2025-11-18 20:38:32.071479	2025-11-18 20:38:32.071479	6
8	9	6	\N	2025-11-18 20:38:32.071479	2025-11-18 20:38:32.071479	6
8	9	7	\N	2025-11-18 20:38:32.071479	2025-11-18 20:38:32.071479	6
8	9	8	\N	2025-11-18 20:38:32.071479	2025-11-18 20:38:32.071479	6
8	9	9	\N	2025-11-18 20:38:32.071479	2025-11-18 20:38:32.071479	6
8	9	10	\N	2025-11-18 20:38:32.071479	2025-11-18 20:38:32.071479	6
8	9	11	\N	2025-11-18 20:38:32.071479	2025-11-18 20:38:32.071479	6
8	10	1	\N	2025-11-18 20:38:32.071479	2025-11-18 20:38:32.071479	6
8	10	2	\N	2025-11-18 20:38:32.071479	2025-11-18 20:38:32.071479	6
8	10	3	\N	2025-11-18 20:38:32.071479	2025-11-18 20:38:32.071479	6
8	10	4	\N	2025-11-18 20:38:32.071479	2025-11-18 20:38:32.071479	6
8	10	5	\N	2025-11-18 20:38:32.071479	2025-11-18 20:38:32.071479	6
8	10	6	\N	2025-11-18 20:38:32.071479	2025-11-18 20:38:32.071479	6
8	10	7	\N	2025-11-18 20:38:32.071479	2025-11-18 20:38:32.071479	6
8	10	8	\N	2025-11-18 20:38:32.071479	2025-11-18 20:38:32.071479	6
8	10	9	\N	2025-11-18 20:38:32.071479	2025-11-18 20:38:32.071479	6
8	10	10	\N	2025-11-18 20:38:32.071479	2025-11-18 20:38:32.071479	6
8	10	11	\N	2025-11-18 20:38:32.071479	2025-11-18 20:38:32.071479	6
8	11	1	\N	2025-11-18 20:38:32.071479	2025-11-18 20:38:32.071479	6
8	11	2	\N	2025-11-18 20:38:32.071479	2025-11-18 20:38:32.071479	6
8	11	3	\N	2025-11-18 20:38:32.071479	2025-11-18 20:38:32.071479	6
8	11	4	\N	2025-11-18 20:38:32.071479	2025-11-18 20:38:32.071479	6
8	11	5	\N	2025-11-18 20:38:32.071479	2025-11-18 20:38:32.071479	6
8	11	6	\N	2025-11-18 20:38:32.071479	2025-11-18 20:38:32.071479	6
8	11	7	\N	2025-11-18 20:38:32.071479	2025-11-18 20:38:32.071479	6
8	11	8	\N	2025-11-18 20:38:32.071479	2025-11-18 20:38:32.071479	6
8	11	9	\N	2025-11-18 20:38:32.071479	2025-11-18 20:38:32.071479	6
8	11	10	\N	2025-11-18 20:38:32.071479	2025-11-18 20:38:32.071479	6
8	11	11	\N	2025-11-18 20:38:32.071479	2025-11-18 20:38:32.071479	6
11	1	1	\N	2026-01-08 12:34:12.23975	2026-01-08 12:34:12.23975	6
11	1	4	\N	2026-01-08 12:34:12.23975	2026-01-08 12:34:12.23975	6
11	1	5	\N	2026-01-08 12:34:12.23975	2026-01-08 12:34:12.23975	6
11	1	6	\N	2026-01-08 12:34:12.23975	2026-01-08 12:34:12.23975	6
11	1	7	\N	2026-01-08 12:34:12.23975	2026-01-08 12:34:12.23975	6
11	1	8	\N	2026-01-08 12:34:12.23975	2026-01-08 12:34:12.23975	6
11	1	9	\N	2026-01-08 12:34:12.23975	2026-01-08 12:34:12.23975	6
11	1	10	\N	2026-01-08 12:34:12.23975	2026-01-08 12:34:12.23975	6
11	1	11	\N	2026-01-08 12:34:12.23975	2026-01-08 12:34:12.23975	6
11	2	1	\N	2026-01-08 12:34:12.23975	2026-01-08 12:34:12.23975	6
11	2	2	\N	2026-01-08 12:34:12.23975	2026-01-08 12:34:12.23975	6
11	2	3	\N	2026-01-08 12:34:12.23975	2026-01-08 12:34:12.23975	6
11	2	4	\N	2026-01-08 12:34:12.23975	2026-01-08 12:34:12.23975	6
11	2	5	\N	2026-01-08 12:34:12.23975	2026-01-08 12:34:12.23975	6
11	2	6	\N	2026-01-08 12:34:12.23975	2026-01-08 12:34:12.23975	6
11	2	7	\N	2026-01-08 12:34:12.23975	2026-01-08 12:34:12.23975	6
11	2	8	\N	2026-01-08 12:34:12.23975	2026-01-08 12:34:12.23975	6
11	2	9	\N	2026-01-08 12:34:12.23975	2026-01-08 12:34:12.23975	6
11	2	10	\N	2026-01-08 12:34:12.23975	2026-01-08 12:34:12.23975	6
11	2	11	\N	2026-01-08 12:34:12.23975	2026-01-08 12:34:12.23975	6
11	3	1	\N	2026-01-08 12:34:12.23975	2026-01-08 12:34:12.23975	6
11	3	2	\N	2026-01-08 12:34:12.23975	2026-01-08 12:34:12.23975	6
11	3	3	\N	2026-01-08 12:34:12.23975	2026-01-08 12:34:12.23975	6
11	3	4	\N	2026-01-08 12:34:12.23975	2026-01-08 12:34:12.23975	6
11	3	5	\N	2026-01-08 12:34:12.23975	2026-01-08 12:34:12.23975	6
11	3	6	\N	2026-01-08 12:34:12.23975	2026-01-08 12:34:12.23975	6
11	3	7	\N	2026-01-08 12:34:12.23975	2026-01-08 12:34:12.23975	6
11	3	8	\N	2026-01-08 12:34:12.23975	2026-01-08 12:34:12.23975	6
11	3	9	\N	2026-01-08 12:34:12.23975	2026-01-08 12:34:12.23975	6
11	3	10	\N	2026-01-08 12:34:12.23975	2026-01-08 12:34:12.23975	6
11	3	11	\N	2026-01-08 12:34:12.23975	2026-01-08 12:34:12.23975	6
11	4	1	\N	2026-01-08 12:34:12.23975	2026-01-08 12:34:12.23975	6
11	4	2	\N	2026-01-08 12:34:12.23975	2026-01-08 12:34:12.23975	6
11	4	3	\N	2026-01-08 12:34:12.23975	2026-01-08 12:34:12.23975	6
11	4	4	\N	2026-01-08 12:34:12.23975	2026-01-08 12:34:12.23975	6
11	4	5	\N	2026-01-08 12:34:12.23975	2026-01-08 12:34:12.23975	6
11	4	7	\N	2026-01-08 12:34:12.23975	2026-01-08 12:34:12.23975	6
11	4	8	\N	2026-01-08 12:34:12.23975	2026-01-08 12:34:12.23975	6
11	4	9	\N	2026-01-08 12:34:12.23975	2026-01-08 12:34:12.23975	6
11	4	10	\N	2026-01-08 12:34:12.23975	2026-01-08 12:34:12.23975	6
11	4	11	\N	2026-01-08 12:34:12.23975	2026-01-08 12:34:12.23975	6
11	5	1	\N	2026-01-08 12:34:12.23975	2026-01-08 12:34:12.23975	6
11	5	2	\N	2026-01-08 12:34:12.23975	2026-01-08 12:34:12.23975	6
11	5	3	\N	2026-01-08 12:34:12.23975	2026-01-08 12:34:12.23975	6
11	5	4	\N	2026-01-08 12:34:12.23975	2026-01-08 12:34:12.23975	6
11	5	5	\N	2026-01-08 12:34:12.23975	2026-01-08 12:34:12.23975	6
11	5	6	\N	2026-01-08 12:34:12.23975	2026-01-08 12:34:12.23975	6
11	5	7	\N	2026-01-08 12:34:12.23975	2026-01-08 12:34:12.23975	6
11	5	8	\N	2026-01-08 12:34:12.23975	2026-01-08 12:34:12.23975	6
11	5	9	\N	2026-01-08 12:34:12.23975	2026-01-08 12:34:12.23975	6
11	5	10	\N	2026-01-08 12:34:12.23975	2026-01-08 12:34:12.23975	6
11	5	11	\N	2026-01-08 12:34:12.23975	2026-01-08 12:34:12.23975	6
11	6	1	\N	2026-01-08 12:34:12.23975	2026-01-08 12:34:12.23975	6
11	6	2	\N	2026-01-08 12:34:12.23975	2026-01-08 12:34:12.23975	6
11	6	3	\N	2026-01-08 12:34:12.23975	2026-01-08 12:34:12.23975	6
11	6	4	\N	2026-01-08 12:34:12.23975	2026-01-08 12:34:12.23975	6
11	6	5	\N	2026-01-08 12:34:12.23975	2026-01-08 12:34:12.23975	6
11	6	6	\N	2026-01-08 12:34:12.23975	2026-01-08 12:34:12.23975	6
11	6	7	\N	2026-01-08 12:34:12.23975	2026-01-08 12:34:12.23975	6
11	6	8	\N	2026-01-08 12:34:12.23975	2026-01-08 12:34:12.23975	6
11	6	9	\N	2026-01-08 12:34:12.23975	2026-01-08 12:34:12.23975	6
11	6	10	\N	2026-01-08 12:34:12.23975	2026-01-08 12:34:12.23975	6
11	6	11	\N	2026-01-08 12:34:12.23975	2026-01-08 12:34:12.23975	6
11	7	1	\N	2026-01-08 12:34:12.23975	2026-01-08 12:34:12.23975	6
11	7	2	\N	2026-01-08 12:34:12.23975	2026-01-08 12:34:12.23975	6
11	7	3	\N	2026-01-08 12:34:12.23975	2026-01-08 12:34:12.23975	6
11	7	4	\N	2026-01-08 12:34:12.23975	2026-01-08 12:34:12.23975	6
11	7	5	\N	2026-01-08 12:34:12.23975	2026-01-08 12:34:12.23975	6
11	7	6	\N	2026-01-08 12:34:12.23975	2026-01-08 12:34:12.23975	6
11	7	7	\N	2026-01-08 12:34:12.23975	2026-01-08 12:34:12.23975	6
11	7	8	\N	2026-01-08 12:34:12.23975	2026-01-08 12:34:12.23975	6
11	7	9	\N	2026-01-08 12:34:12.23975	2026-01-08 12:34:12.23975	6
11	7	10	\N	2026-01-08 12:34:12.23975	2026-01-08 12:34:12.23975	6
11	7	11	\N	2026-01-08 12:34:12.23975	2026-01-08 12:34:12.23975	6
2	1	1	\N	2025-11-11 17:34:49.03586	2026-01-13 11:16:36.481595	4
11	1	3	\N	2026-01-08 12:34:12.23975	2026-01-13 12:17:39.117834	6
11	4	6	\N	2026-01-08 12:34:12.23975	2026-01-14 12:21:00.954077	6
11	8	1	\N	2026-01-08 12:34:12.23975	2026-01-08 12:34:12.23975	6
11	8	2	\N	2026-01-08 12:34:12.23975	2026-01-08 12:34:12.23975	6
11	8	3	\N	2026-01-08 12:34:12.23975	2026-01-08 12:34:12.23975	6
11	8	4	\N	2026-01-08 12:34:12.23975	2026-01-08 12:34:12.23975	6
11	8	5	\N	2026-01-08 12:34:12.23975	2026-01-08 12:34:12.23975	6
11	8	6	\N	2026-01-08 12:34:12.23975	2026-01-08 12:34:12.23975	6
11	8	7	\N	2026-01-08 12:34:12.23975	2026-01-08 12:34:12.23975	6
11	8	8	\N	2026-01-08 12:34:12.23975	2026-01-08 12:34:12.23975	6
11	8	9	\N	2026-01-08 12:34:12.23975	2026-01-08 12:34:12.23975	6
11	8	10	\N	2026-01-08 12:34:12.23975	2026-01-08 12:34:12.23975	6
11	8	11	\N	2026-01-08 12:34:12.23975	2026-01-08 12:34:12.23975	6
11	9	1	\N	2026-01-08 12:34:12.23975	2026-01-08 12:34:12.23975	6
11	9	2	\N	2026-01-08 12:34:12.23975	2026-01-08 12:34:12.23975	6
11	9	3	\N	2026-01-08 12:34:12.23975	2026-01-08 12:34:12.23975	6
11	9	4	\N	2026-01-08 12:34:12.23975	2026-01-08 12:34:12.23975	6
11	9	5	\N	2026-01-08 12:34:12.23975	2026-01-08 12:34:12.23975	6
11	9	6	\N	2026-01-08 12:34:12.23975	2026-01-08 12:34:12.23975	6
11	9	7	\N	2026-01-08 12:34:12.23975	2026-01-08 12:34:12.23975	6
11	9	8	\N	2026-01-08 12:34:12.23975	2026-01-08 12:34:12.23975	6
11	9	9	\N	2026-01-08 12:34:12.23975	2026-01-08 12:34:12.23975	6
11	9	10	\N	2026-01-08 12:34:12.23975	2026-01-08 12:34:12.23975	6
11	9	11	\N	2026-01-08 12:34:12.23975	2026-01-08 12:34:12.23975	6
11	10	1	\N	2026-01-08 12:34:12.23975	2026-01-08 12:34:12.23975	6
11	10	2	\N	2026-01-08 12:34:12.23975	2026-01-08 12:34:12.23975	6
11	10	3	\N	2026-01-08 12:34:12.23975	2026-01-08 12:34:12.23975	6
11	10	4	\N	2026-01-08 12:34:12.23975	2026-01-08 12:34:12.23975	6
11	10	5	\N	2026-01-08 12:34:12.23975	2026-01-08 12:34:12.23975	6
11	10	6	\N	2026-01-08 12:34:12.23975	2026-01-08 12:34:12.23975	6
11	10	7	\N	2026-01-08 12:34:12.23975	2026-01-08 12:34:12.23975	6
11	10	8	\N	2026-01-08 12:34:12.23975	2026-01-08 12:34:12.23975	6
11	10	9	\N	2026-01-08 12:34:12.23975	2026-01-08 12:34:12.23975	6
11	10	10	\N	2026-01-08 12:34:12.23975	2026-01-08 12:34:12.23975	6
11	10	11	\N	2026-01-08 12:34:12.23975	2026-01-08 12:34:12.23975	6
11	11	1	\N	2026-01-08 12:34:12.23975	2026-01-08 12:34:12.23975	6
11	11	2	\N	2026-01-08 12:34:12.23975	2026-01-08 12:34:12.23975	6
11	11	3	\N	2026-01-08 12:34:12.23975	2026-01-08 12:34:12.23975	6
11	11	4	\N	2026-01-08 12:34:12.23975	2026-01-08 12:34:12.23975	6
11	11	5	\N	2026-01-08 12:34:12.23975	2026-01-08 12:34:12.23975	6
11	11	6	\N	2026-01-08 12:34:12.23975	2026-01-08 12:34:12.23975	6
11	11	7	\N	2026-01-08 12:34:12.23975	2026-01-08 12:34:12.23975	6
11	11	8	\N	2026-01-08 12:34:12.23975	2026-01-08 12:34:12.23975	6
11	11	9	\N	2026-01-08 12:34:12.23975	2026-01-08 12:34:12.23975	6
11	11	10	\N	2026-01-08 12:34:12.23975	2026-01-08 12:34:12.23975	6
11	11	11	\N	2026-01-08 12:34:12.23975	2026-01-08 12:34:12.23975	6
12	1	3	\N	2026-01-08 12:34:20.498634	2026-01-08 12:34:20.498634	6
12	1	4	\N	2026-01-08 12:34:20.498634	2026-01-08 12:34:20.498634	6
12	1	5	\N	2026-01-08 12:34:20.498634	2026-01-08 12:34:20.498634	6
12	1	6	\N	2026-01-08 12:34:20.498634	2026-01-08 12:34:20.498634	6
12	1	7	\N	2026-01-08 12:34:20.498634	2026-01-08 12:34:20.498634	6
12	1	8	\N	2026-01-08 12:34:20.498634	2026-01-08 12:34:20.498634	6
12	1	9	\N	2026-01-08 12:34:20.498634	2026-01-08 12:34:20.498634	6
12	1	10	\N	2026-01-08 12:34:20.498634	2026-01-08 12:34:20.498634	6
12	1	11	\N	2026-01-08 12:34:20.498634	2026-01-08 12:34:20.498634	6
12	2	1	\N	2026-01-08 12:34:20.498634	2026-01-08 12:34:20.498634	6
12	2	2	\N	2026-01-08 12:34:20.498634	2026-01-08 12:34:20.498634	6
12	2	3	\N	2026-01-08 12:34:20.498634	2026-01-08 12:34:20.498634	6
12	2	4	\N	2026-01-08 12:34:20.498634	2026-01-08 12:34:20.498634	6
12	2	5	\N	2026-01-08 12:34:20.498634	2026-01-08 12:34:20.498634	6
12	2	6	\N	2026-01-08 12:34:20.498634	2026-01-08 12:34:20.498634	6
12	2	7	\N	2026-01-08 12:34:20.498634	2026-01-08 12:34:20.498634	6
12	2	8	\N	2026-01-08 12:34:20.498634	2026-01-08 12:34:20.498634	6
12	2	9	\N	2026-01-08 12:34:20.498634	2026-01-08 12:34:20.498634	6
12	2	10	\N	2026-01-08 12:34:20.498634	2026-01-08 12:34:20.498634	6
12	2	11	\N	2026-01-08 12:34:20.498634	2026-01-08 12:34:20.498634	6
12	3	1	\N	2026-01-08 12:34:20.498634	2026-01-08 12:34:20.498634	6
12	3	2	\N	2026-01-08 12:34:20.498634	2026-01-08 12:34:20.498634	6
12	3	3	\N	2026-01-08 12:34:20.498634	2026-01-08 12:34:20.498634	6
12	3	4	\N	2026-01-08 12:34:20.498634	2026-01-08 12:34:20.498634	6
12	3	5	\N	2026-01-08 12:34:20.498634	2026-01-08 12:34:20.498634	6
12	3	6	\N	2026-01-08 12:34:20.498634	2026-01-08 12:34:20.498634	6
12	3	7	\N	2026-01-08 12:34:20.498634	2026-01-08 12:34:20.498634	6
12	3	8	\N	2026-01-08 12:34:20.498634	2026-01-08 12:34:20.498634	6
12	3	9	\N	2026-01-08 12:34:20.498634	2026-01-08 12:34:20.498634	6
12	3	10	\N	2026-01-08 12:34:20.498634	2026-01-08 12:34:20.498634	6
12	3	11	\N	2026-01-08 12:34:20.498634	2026-01-08 12:34:20.498634	6
12	4	1	\N	2026-01-08 12:34:20.498634	2026-01-08 12:34:20.498634	6
12	4	2	\N	2026-01-08 12:34:20.498634	2026-01-08 12:34:20.498634	6
12	4	3	\N	2026-01-08 12:34:20.498634	2026-01-08 12:34:20.498634	6
12	4	4	\N	2026-01-08 12:34:20.498634	2026-01-08 12:34:20.498634	6
12	4	5	\N	2026-01-08 12:34:20.498634	2026-01-08 12:34:20.498634	6
12	4	6	\N	2026-01-08 12:34:20.498634	2026-01-08 12:34:20.498634	6
12	4	7	\N	2026-01-08 12:34:20.498634	2026-01-08 12:34:20.498634	6
12	4	8	\N	2026-01-08 12:34:20.498634	2026-01-08 12:34:20.498634	6
12	4	9	\N	2026-01-08 12:34:20.498634	2026-01-08 12:34:20.498634	6
12	4	10	\N	2026-01-08 12:34:20.498634	2026-01-08 12:34:20.498634	6
12	4	11	\N	2026-01-08 12:34:20.498634	2026-01-08 12:34:20.498634	6
12	5	1	\N	2026-01-08 12:34:20.498634	2026-01-08 12:34:20.498634	6
12	5	2	\N	2026-01-08 12:34:20.498634	2026-01-08 12:34:20.498634	6
12	5	3	\N	2026-01-08 12:34:20.498634	2026-01-08 12:34:20.498634	6
12	5	4	\N	2026-01-08 12:34:20.498634	2026-01-08 12:34:20.498634	6
12	5	5	\N	2026-01-08 12:34:20.498634	2026-01-08 12:34:20.498634	6
12	5	6	\N	2026-01-08 12:34:20.498634	2026-01-08 12:34:20.498634	6
12	5	7	\N	2026-01-08 12:34:20.498634	2026-01-08 12:34:20.498634	6
12	5	8	\N	2026-01-08 12:34:20.498634	2026-01-08 12:34:20.498634	6
12	5	9	\N	2026-01-08 12:34:20.498634	2026-01-08 12:34:20.498634	6
12	5	10	\N	2026-01-08 12:34:20.498634	2026-01-08 12:34:20.498634	6
12	5	11	\N	2026-01-08 12:34:20.498634	2026-01-08 12:34:20.498634	6
12	6	1	\N	2026-01-08 12:34:20.498634	2026-01-08 12:34:20.498634	6
12	6	2	\N	2026-01-08 12:34:20.498634	2026-01-08 12:34:20.498634	6
12	6	3	\N	2026-01-08 12:34:20.498634	2026-01-08 12:34:20.498634	6
12	6	4	\N	2026-01-08 12:34:20.498634	2026-01-08 12:34:20.498634	6
12	6	5	\N	2026-01-08 12:34:20.498634	2026-01-08 12:34:20.498634	6
12	6	6	\N	2026-01-08 12:34:20.498634	2026-01-08 12:34:20.498634	6
12	6	7	\N	2026-01-08 12:34:20.498634	2026-01-08 12:34:20.498634	6
12	6	8	\N	2026-01-08 12:34:20.498634	2026-01-08 12:34:20.498634	6
12	6	9	\N	2026-01-08 12:34:20.498634	2026-01-08 12:34:20.498634	6
12	6	10	\N	2026-01-08 12:34:20.498634	2026-01-08 12:34:20.498634	6
12	6	11	\N	2026-01-08 12:34:20.498634	2026-01-08 12:34:20.498634	6
12	7	1	\N	2026-01-08 12:34:20.498634	2026-01-08 12:34:20.498634	6
12	7	2	\N	2026-01-08 12:34:20.498634	2026-01-08 12:34:20.498634	6
12	7	3	\N	2026-01-08 12:34:20.498634	2026-01-08 12:34:20.498634	6
12	7	4	\N	2026-01-08 12:34:20.498634	2026-01-08 12:34:20.498634	6
12	7	5	\N	2026-01-08 12:34:20.498634	2026-01-08 12:34:20.498634	6
12	7	6	\N	2026-01-08 12:34:20.498634	2026-01-08 12:34:20.498634	6
12	7	7	\N	2026-01-08 12:34:20.498634	2026-01-08 12:34:20.498634	6
12	7	8	\N	2026-01-08 12:34:20.498634	2026-01-08 12:34:20.498634	6
12	7	9	\N	2026-01-08 12:34:20.498634	2026-01-08 12:34:20.498634	6
12	7	10	\N	2026-01-08 12:34:20.498634	2026-01-08 12:34:20.498634	6
12	7	11	\N	2026-01-08 12:34:20.498634	2026-01-08 12:34:20.498634	6
12	8	1	\N	2026-01-08 12:34:20.498634	2026-01-08 12:34:20.498634	6
12	8	2	\N	2026-01-08 12:34:20.498634	2026-01-08 12:34:20.498634	6
12	8	3	\N	2026-01-08 12:34:20.498634	2026-01-08 12:34:20.498634	6
12	8	4	\N	2026-01-08 12:34:20.498634	2026-01-08 12:34:20.498634	6
12	8	5	\N	2026-01-08 12:34:20.498634	2026-01-08 12:34:20.498634	6
12	8	6	\N	2026-01-08 12:34:20.498634	2026-01-08 12:34:20.498634	6
12	8	7	\N	2026-01-08 12:34:20.498634	2026-01-08 12:34:20.498634	6
12	8	8	\N	2026-01-08 12:34:20.498634	2026-01-08 12:34:20.498634	6
12	8	9	\N	2026-01-08 12:34:20.498634	2026-01-08 12:34:20.498634	6
12	8	10	\N	2026-01-08 12:34:20.498634	2026-01-08 12:34:20.498634	6
12	8	11	\N	2026-01-08 12:34:20.498634	2026-01-08 12:34:20.498634	6
12	9	1	\N	2026-01-08 12:34:20.498634	2026-01-08 12:34:20.498634	6
12	9	2	\N	2026-01-08 12:34:20.498634	2026-01-08 12:34:20.498634	6
12	9	3	\N	2026-01-08 12:34:20.498634	2026-01-08 12:34:20.498634	6
12	9	4	\N	2026-01-08 12:34:20.498634	2026-01-08 12:34:20.498634	6
12	9	5	\N	2026-01-08 12:34:20.498634	2026-01-08 12:34:20.498634	6
12	9	6	\N	2026-01-08 12:34:20.498634	2026-01-08 12:34:20.498634	6
12	9	7	\N	2026-01-08 12:34:20.498634	2026-01-08 12:34:20.498634	6
12	9	8	\N	2026-01-08 12:34:20.498634	2026-01-08 12:34:20.498634	6
12	9	9	\N	2026-01-08 12:34:20.498634	2026-01-08 12:34:20.498634	6
12	9	10	\N	2026-01-08 12:34:20.498634	2026-01-08 12:34:20.498634	6
12	9	11	\N	2026-01-08 12:34:20.498634	2026-01-08 12:34:20.498634	6
12	10	1	\N	2026-01-08 12:34:20.498634	2026-01-08 12:34:20.498634	6
12	10	2	\N	2026-01-08 12:34:20.498634	2026-01-08 12:34:20.498634	6
12	10	3	\N	2026-01-08 12:34:20.498634	2026-01-08 12:34:20.498634	6
12	10	4	\N	2026-01-08 12:34:20.498634	2026-01-08 12:34:20.498634	6
12	10	5	\N	2026-01-08 12:34:20.498634	2026-01-08 12:34:20.498634	6
12	10	6	\N	2026-01-08 12:34:20.498634	2026-01-08 12:34:20.498634	6
12	10	7	\N	2026-01-08 12:34:20.498634	2026-01-08 12:34:20.498634	6
12	10	8	\N	2026-01-08 12:34:20.498634	2026-01-08 12:34:20.498634	6
12	10	9	\N	2026-01-08 12:34:20.498634	2026-01-08 12:34:20.498634	6
12	10	10	\N	2026-01-08 12:34:20.498634	2026-01-08 12:34:20.498634	6
12	10	11	\N	2026-01-08 12:34:20.498634	2026-01-08 12:34:20.498634	6
12	11	1	\N	2026-01-08 12:34:20.498634	2026-01-08 12:34:20.498634	6
12	11	2	\N	2026-01-08 12:34:20.498634	2026-01-08 12:34:20.498634	6
12	11	3	\N	2026-01-08 12:34:20.498634	2026-01-08 12:34:20.498634	6
12	11	4	\N	2026-01-08 12:34:20.498634	2026-01-08 12:34:20.498634	6
12	11	5	\N	2026-01-08 12:34:20.498634	2026-01-08 12:34:20.498634	6
12	11	6	\N	2026-01-08 12:34:20.498634	2026-01-08 12:34:20.498634	6
12	11	7	\N	2026-01-08 12:34:20.498634	2026-01-08 12:34:20.498634	6
12	11	8	\N	2026-01-08 12:34:20.498634	2026-01-08 12:34:20.498634	6
12	11	9	\N	2026-01-08 12:34:20.498634	2026-01-08 12:34:20.498634	6
12	11	10	\N	2026-01-08 12:34:20.498634	2026-01-08 12:34:20.498634	6
12	11	11	\N	2026-01-08 12:34:20.498634	2026-01-08 12:34:20.498634	6
12	1	1	187921cc-f5b9-44d9-93db-98fdeed2ea23	2026-01-08 12:34:20.498634	2026-01-08 14:18:30.844534	6
8	3	5	bdfb6cc9-ba89-4250-bd7d-996a251c843f	2025-11-18 20:38:32.071479	2026-01-12 17:16:41.063225	6
12	1	2	\N	2026-01-08 12:34:20.498634	2026-01-13 12:29:52.944564	6
13	1	1	\N	2026-01-13 12:40:22.655836	2026-01-13 12:40:22.655836	4
13	1	2	\N	2026-01-13 12:40:22.655836	2026-01-13 12:40:22.655836	4
13	1	3	\N	2026-01-13 12:40:22.655836	2026-01-13 12:40:22.655836	4
13	1	4	\N	2026-01-13 12:40:22.655836	2026-01-13 12:40:22.655836	4
13	1	5	\N	2026-01-13 12:40:22.655836	2026-01-13 12:40:22.655836	4
13	1	6	\N	2026-01-13 12:40:22.655836	2026-01-13 12:40:22.655836	4
13	1	7	\N	2026-01-13 12:40:22.655836	2026-01-13 12:40:22.655836	4
13	1	8	\N	2026-01-13 12:40:22.655836	2026-01-13 12:40:22.655836	4
13	1	9	\N	2026-01-13 12:40:22.655836	2026-01-13 12:40:22.655836	4
13	1	10	\N	2026-01-13 12:40:22.655836	2026-01-13 12:40:22.655836	4
13	1	11	\N	2026-01-13 12:40:22.655836	2026-01-13 12:40:22.655836	4
13	1	12	\N	2026-01-13 12:40:22.655836	2026-01-13 12:40:22.655836	4
13	1	13	\N	2026-01-13 12:40:22.655836	2026-01-13 12:40:22.655836	4
13	1	14	\N	2026-01-13 12:40:22.655836	2026-01-13 12:40:22.655836	4
13	1	15	\N	2026-01-13 12:40:22.655836	2026-01-13 12:40:22.655836	4
13	1	16	\N	2026-01-13 12:40:22.655836	2026-01-13 12:40:22.655836	4
13	1	17	\N	2026-01-13 12:40:22.655836	2026-01-13 12:40:22.655836	4
13	1	18	\N	2026-01-13 12:40:22.655836	2026-01-13 12:40:22.655836	4
13	1	19	\N	2026-01-13 12:40:22.655836	2026-01-13 12:40:22.655836	4
13	1	20	\N	2026-01-13 12:40:22.655836	2026-01-13 12:40:22.655836	4
13	2	1	\N	2026-01-13 12:40:22.655836	2026-01-13 12:40:22.655836	4
13	2	2	\N	2026-01-13 12:40:22.655836	2026-01-13 12:40:22.655836	4
13	2	3	\N	2026-01-13 12:40:22.655836	2026-01-13 12:40:22.655836	4
13	2	4	\N	2026-01-13 12:40:22.655836	2026-01-13 12:40:22.655836	4
13	2	5	\N	2026-01-13 12:40:22.655836	2026-01-13 12:40:22.655836	4
13	2	6	\N	2026-01-13 12:40:22.655836	2026-01-13 12:40:22.655836	4
13	2	7	\N	2026-01-13 12:40:22.655836	2026-01-13 12:40:22.655836	4
13	2	8	\N	2026-01-13 12:40:22.655836	2026-01-13 12:40:22.655836	4
13	2	9	\N	2026-01-13 12:40:22.655836	2026-01-13 12:40:22.655836	4
13	2	10	\N	2026-01-13 12:40:22.655836	2026-01-13 12:40:22.655836	4
13	2	11	\N	2026-01-13 12:40:22.655836	2026-01-13 12:40:22.655836	4
13	2	12	\N	2026-01-13 12:40:22.655836	2026-01-13 12:40:22.655836	4
13	2	13	\N	2026-01-13 12:40:22.655836	2026-01-13 12:40:22.655836	4
13	2	14	\N	2026-01-13 12:40:22.655836	2026-01-13 12:40:22.655836	4
13	2	15	\N	2026-01-13 12:40:22.655836	2026-01-13 12:40:22.655836	4
13	2	16	\N	2026-01-13 12:40:22.655836	2026-01-13 12:40:22.655836	4
13	2	17	\N	2026-01-13 12:40:22.655836	2026-01-13 12:40:22.655836	4
13	2	18	\N	2026-01-13 12:40:22.655836	2026-01-13 12:40:22.655836	4
13	2	19	\N	2026-01-13 12:40:22.655836	2026-01-13 12:40:22.655836	4
13	2	20	\N	2026-01-13 12:40:22.655836	2026-01-13 12:40:22.655836	4
13	3	1	\N	2026-01-13 12:40:22.655836	2026-01-13 12:40:22.655836	4
13	3	2	\N	2026-01-13 12:40:22.655836	2026-01-13 12:40:22.655836	4
13	3	3	\N	2026-01-13 12:40:22.655836	2026-01-13 12:40:22.655836	4
13	3	4	\N	2026-01-13 12:40:22.655836	2026-01-13 12:40:22.655836	4
13	3	5	\N	2026-01-13 12:40:22.655836	2026-01-13 12:40:22.655836	4
13	3	6	\N	2026-01-13 12:40:22.655836	2026-01-13 12:40:22.655836	4
13	3	7	\N	2026-01-13 12:40:22.655836	2026-01-13 12:40:22.655836	4
13	3	8	\N	2026-01-13 12:40:22.655836	2026-01-13 12:40:22.655836	4
13	3	9	\N	2026-01-13 12:40:22.655836	2026-01-13 12:40:22.655836	4
13	3	10	\N	2026-01-13 12:40:22.655836	2026-01-13 12:40:22.655836	4
13	3	11	\N	2026-01-13 12:40:22.655836	2026-01-13 12:40:22.655836	4
13	3	12	\N	2026-01-13 12:40:22.655836	2026-01-13 12:40:22.655836	4
13	3	13	\N	2026-01-13 12:40:22.655836	2026-01-13 12:40:22.655836	4
13	3	14	\N	2026-01-13 12:40:22.655836	2026-01-13 12:40:22.655836	4
13	3	15	\N	2026-01-13 12:40:22.655836	2026-01-13 12:40:22.655836	4
13	3	16	\N	2026-01-13 12:40:22.655836	2026-01-13 12:40:22.655836	4
13	3	17	\N	2026-01-13 12:40:22.655836	2026-01-13 12:40:22.655836	4
13	3	18	\N	2026-01-13 12:40:22.655836	2026-01-13 12:40:22.655836	4
13	3	19	\N	2026-01-13 12:40:22.655836	2026-01-13 12:40:22.655836	4
13	3	20	\N	2026-01-13 12:40:22.655836	2026-01-13 12:40:22.655836	4
13	4	1	\N	2026-01-13 12:40:22.655836	2026-01-13 12:40:22.655836	4
13	4	2	\N	2026-01-13 12:40:22.655836	2026-01-13 12:40:22.655836	4
13	4	3	\N	2026-01-13 12:40:22.655836	2026-01-13 12:40:22.655836	4
13	4	4	\N	2026-01-13 12:40:22.655836	2026-01-13 12:40:22.655836	4
13	4	5	\N	2026-01-13 12:40:22.655836	2026-01-13 12:40:22.655836	4
13	4	6	\N	2026-01-13 12:40:22.655836	2026-01-13 12:40:22.655836	4
13	4	7	\N	2026-01-13 12:40:22.655836	2026-01-13 12:40:22.655836	4
13	4	8	\N	2026-01-13 12:40:22.655836	2026-01-13 12:40:22.655836	4
13	4	9	bdfb6cc9-ba89-4250-bd7d-996a251c843f	2026-01-13 12:40:22.655836	2026-01-13 12:43:49.669734	4
11	1	2	\N	2026-01-08 12:34:12.23975	2026-01-14 11:55:48.65482	6
13	4	10	\N	2026-01-13 12:40:22.655836	2026-01-13 12:40:22.655836	4
13	4	11	\N	2026-01-13 12:40:22.655836	2026-01-13 12:40:22.655836	4
13	4	12	\N	2026-01-13 12:40:22.655836	2026-01-13 12:40:22.655836	4
13	4	13	\N	2026-01-13 12:40:22.655836	2026-01-13 12:40:22.655836	4
13	4	14	\N	2026-01-13 12:40:22.655836	2026-01-13 12:40:22.655836	4
13	4	15	\N	2026-01-13 12:40:22.655836	2026-01-13 12:40:22.655836	4
13	4	16	\N	2026-01-13 12:40:22.655836	2026-01-13 12:40:22.655836	4
13	4	17	\N	2026-01-13 12:40:22.655836	2026-01-13 12:40:22.655836	4
13	4	18	\N	2026-01-13 12:40:22.655836	2026-01-13 12:40:22.655836	4
13	4	19	\N	2026-01-13 12:40:22.655836	2026-01-13 12:40:22.655836	4
13	4	20	\N	2026-01-13 12:40:22.655836	2026-01-13 12:40:22.655836	4
13	5	1	\N	2026-01-13 12:40:22.655836	2026-01-13 12:40:22.655836	4
13	5	2	\N	2026-01-13 12:40:22.655836	2026-01-13 12:40:22.655836	4
13	5	3	\N	2026-01-13 12:40:22.655836	2026-01-13 12:40:22.655836	4
13	5	4	\N	2026-01-13 12:40:22.655836	2026-01-13 12:40:22.655836	4
13	5	5	\N	2026-01-13 12:40:22.655836	2026-01-13 12:40:22.655836	4
13	5	6	\N	2026-01-13 12:40:22.655836	2026-01-13 12:40:22.655836	4
13	5	7	\N	2026-01-13 12:40:22.655836	2026-01-13 12:40:22.655836	4
13	5	8	\N	2026-01-13 12:40:22.655836	2026-01-13 12:40:22.655836	4
13	5	9	\N	2026-01-13 12:40:22.655836	2026-01-13 12:40:22.655836	4
13	5	10	\N	2026-01-13 12:40:22.655836	2026-01-13 12:40:22.655836	4
13	5	11	\N	2026-01-13 12:40:22.655836	2026-01-13 12:40:22.655836	4
13	5	12	\N	2026-01-13 12:40:22.655836	2026-01-13 12:40:22.655836	4
13	5	13	\N	2026-01-13 12:40:22.655836	2026-01-13 12:40:22.655836	4
13	5	14	\N	2026-01-13 12:40:22.655836	2026-01-13 12:40:22.655836	4
13	5	15	\N	2026-01-13 12:40:22.655836	2026-01-13 12:40:22.655836	4
13	5	16	\N	2026-01-13 12:40:22.655836	2026-01-13 12:40:22.655836	4
13	5	17	\N	2026-01-13 12:40:22.655836	2026-01-13 12:40:22.655836	4
13	5	18	\N	2026-01-13 12:40:22.655836	2026-01-13 12:40:22.655836	4
13	5	19	\N	2026-01-13 12:40:22.655836	2026-01-13 12:40:22.655836	4
13	5	20	\N	2026-01-13 12:40:22.655836	2026-01-13 12:40:22.655836	4
13	6	1	\N	2026-01-13 12:40:22.655836	2026-01-13 12:40:22.655836	4
13	6	2	\N	2026-01-13 12:40:22.655836	2026-01-13 12:40:22.655836	4
13	6	3	\N	2026-01-13 12:40:22.655836	2026-01-13 12:40:22.655836	4
13	6	4	\N	2026-01-13 12:40:22.655836	2026-01-13 12:40:22.655836	4
13	6	8	\N	2026-01-13 12:40:22.655836	2026-01-13 12:40:22.655836	4
13	6	9	\N	2026-01-13 12:40:22.655836	2026-01-13 12:40:22.655836	4
13	6	10	\N	2026-01-13 12:40:22.655836	2026-01-13 12:40:22.655836	4
13	6	11	\N	2026-01-13 12:40:22.655836	2026-01-13 12:40:22.655836	4
13	6	12	\N	2026-01-13 12:40:22.655836	2026-01-13 12:40:22.655836	4
13	6	13	\N	2026-01-13 12:40:22.655836	2026-01-13 12:40:22.655836	4
13	6	14	\N	2026-01-13 12:40:22.655836	2026-01-13 12:40:22.655836	4
13	6	15	\N	2026-01-13 12:40:22.655836	2026-01-13 12:40:22.655836	4
13	6	16	\N	2026-01-13 12:40:22.655836	2026-01-13 12:40:22.655836	4
13	6	17	\N	2026-01-13 12:40:22.655836	2026-01-13 12:40:22.655836	4
13	6	18	\N	2026-01-13 12:40:22.655836	2026-01-13 12:40:22.655836	4
13	6	19	\N	2026-01-13 12:40:22.655836	2026-01-13 12:40:22.655836	4
13	6	20	\N	2026-01-13 12:40:22.655836	2026-01-13 12:40:22.655836	4
13	7	1	\N	2026-01-13 12:40:22.655836	2026-01-13 12:40:22.655836	4
13	7	2	\N	2026-01-13 12:40:22.655836	2026-01-13 12:40:22.655836	4
13	7	3	\N	2026-01-13 12:40:22.655836	2026-01-13 12:40:22.655836	4
13	7	4	\N	2026-01-13 12:40:22.655836	2026-01-13 12:40:22.655836	4
13	7	5	\N	2026-01-13 12:40:22.655836	2026-01-13 12:40:22.655836	4
13	7	6	\N	2026-01-13 12:40:22.655836	2026-01-13 12:40:22.655836	4
13	7	7	\N	2026-01-13 12:40:22.655836	2026-01-13 12:40:22.655836	4
13	7	8	\N	2026-01-13 12:40:22.655836	2026-01-13 12:40:22.655836	4
13	7	11	\N	2026-01-13 12:40:22.655836	2026-01-13 12:40:22.655836	4
13	7	12	\N	2026-01-13 12:40:22.655836	2026-01-13 12:40:22.655836	4
13	7	13	\N	2026-01-13 12:40:22.655836	2026-01-13 12:40:22.655836	4
13	7	14	\N	2026-01-13 12:40:22.655836	2026-01-13 12:40:22.655836	4
13	7	15	\N	2026-01-13 12:40:22.655836	2026-01-13 12:40:22.655836	4
13	7	16	\N	2026-01-13 12:40:22.655836	2026-01-13 12:40:22.655836	4
13	7	17	\N	2026-01-13 12:40:22.655836	2026-01-13 12:40:22.655836	4
13	7	18	\N	2026-01-13 12:40:22.655836	2026-01-13 12:40:22.655836	4
13	7	19	\N	2026-01-13 12:40:22.655836	2026-01-13 12:40:22.655836	4
13	7	20	\N	2026-01-13 12:40:22.655836	2026-01-13 12:40:22.655836	4
13	8	1	\N	2026-01-13 12:40:22.655836	2026-01-13 12:40:22.655836	4
13	8	2	\N	2026-01-13 12:40:22.655836	2026-01-13 12:40:22.655836	4
13	8	3	\N	2026-01-13 12:40:22.655836	2026-01-13 12:40:22.655836	4
13	8	4	\N	2026-01-13 12:40:22.655836	2026-01-13 12:40:22.655836	4
13	8	5	\N	2026-01-13 12:40:22.655836	2026-01-13 12:40:22.655836	4
13	8	6	\N	2026-01-13 12:40:22.655836	2026-01-13 12:40:22.655836	4
13	8	7	\N	2026-01-13 12:40:22.655836	2026-01-13 12:40:22.655836	4
13	8	8	\N	2026-01-13 12:40:22.655836	2026-01-13 12:40:22.655836	4
13	8	9	\N	2026-01-13 12:40:22.655836	2026-01-13 12:40:22.655836	4
13	8	10	\N	2026-01-13 12:40:22.655836	2026-01-13 12:40:22.655836	4
13	8	11	\N	2026-01-13 12:40:22.655836	2026-01-13 12:40:22.655836	4
13	8	12	\N	2026-01-13 12:40:22.655836	2026-01-13 12:40:22.655836	4
13	8	13	\N	2026-01-13 12:40:22.655836	2026-01-13 12:40:22.655836	4
13	8	14	\N	2026-01-13 12:40:22.655836	2026-01-13 12:40:22.655836	4
13	8	15	\N	2026-01-13 12:40:22.655836	2026-01-13 12:40:22.655836	4
13	8	16	\N	2026-01-13 12:40:22.655836	2026-01-13 12:40:22.655836	4
13	8	17	\N	2026-01-13 12:40:22.655836	2026-01-13 12:40:22.655836	4
13	8	18	\N	2026-01-13 12:40:22.655836	2026-01-13 12:40:22.655836	4
13	8	19	\N	2026-01-13 12:40:22.655836	2026-01-13 12:40:22.655836	4
13	8	20	\N	2026-01-13 12:40:22.655836	2026-01-13 12:40:22.655836	4
13	9	1	\N	2026-01-13 12:40:22.655836	2026-01-13 12:40:22.655836	4
13	9	2	\N	2026-01-13 12:40:22.655836	2026-01-13 12:40:22.655836	4
13	9	3	\N	2026-01-13 12:40:22.655836	2026-01-13 12:40:22.655836	4
13	9	4	\N	2026-01-13 12:40:22.655836	2026-01-13 12:40:22.655836	4
13	9	5	\N	2026-01-13 12:40:22.655836	2026-01-13 12:40:22.655836	4
13	9	6	\N	2026-01-13 12:40:22.655836	2026-01-13 12:40:22.655836	4
13	9	7	\N	2026-01-13 12:40:22.655836	2026-01-13 12:40:22.655836	4
13	9	8	\N	2026-01-13 12:40:22.655836	2026-01-13 12:40:22.655836	4
13	9	9	\N	2026-01-13 12:40:22.655836	2026-01-13 12:40:22.655836	4
13	9	10	\N	2026-01-13 12:40:22.655836	2026-01-13 12:40:22.655836	4
13	9	11	\N	2026-01-13 12:40:22.655836	2026-01-13 12:40:22.655836	4
13	9	12	\N	2026-01-13 12:40:22.655836	2026-01-13 12:40:22.655836	4
13	9	13	\N	2026-01-13 12:40:22.655836	2026-01-13 12:40:22.655836	4
13	7	9	\N	2026-01-13 12:40:22.655836	2026-03-15 20:53:06.003287	4
13	9	15	\N	2026-01-13 12:40:22.655836	2026-01-13 12:40:22.655836	4
13	9	16	\N	2026-01-13 12:40:22.655836	2026-01-13 12:40:22.655836	4
13	9	17	\N	2026-01-13 12:40:22.655836	2026-01-13 12:40:22.655836	4
13	9	18	\N	2026-01-13 12:40:22.655836	2026-01-13 12:40:22.655836	4
13	9	19	\N	2026-01-13 12:40:22.655836	2026-01-13 12:40:22.655836	4
13	9	20	\N	2026-01-13 12:40:22.655836	2026-01-13 12:40:22.655836	4
13	10	1	\N	2026-01-13 12:40:22.655836	2026-01-13 12:40:22.655836	4
13	10	2	\N	2026-01-13 12:40:22.655836	2026-01-13 12:40:22.655836	4
13	10	3	\N	2026-01-13 12:40:22.655836	2026-01-13 12:40:22.655836	4
13	10	4	\N	2026-01-13 12:40:22.655836	2026-01-13 12:40:22.655836	4
13	10	5	\N	2026-01-13 12:40:22.655836	2026-01-13 12:40:22.655836	4
13	10	6	\N	2026-01-13 12:40:22.655836	2026-01-13 12:40:22.655836	4
13	10	7	\N	2026-01-13 12:40:22.655836	2026-01-13 12:40:22.655836	4
13	10	8	\N	2026-01-13 12:40:22.655836	2026-01-13 12:40:22.655836	4
13	10	9	\N	2026-01-13 12:40:22.655836	2026-01-13 12:40:22.655836	4
13	6	5	\N	2026-01-13 12:40:22.655836	2026-01-14 12:20:23.632067	4
13	6	6	\N	2026-01-13 12:40:22.655836	2026-01-14 12:17:22.044719	4
13	6	7	\N	2026-01-13 12:40:22.655836	2026-01-14 12:12:50.02335	4
13	10	10	\N	2026-01-13 12:40:22.655836	2026-01-13 12:40:22.655836	4
13	10	11	\N	2026-01-13 12:40:22.655836	2026-01-13 12:40:22.655836	4
13	10	12	\N	2026-01-13 12:40:22.655836	2026-01-13 12:40:22.655836	4
13	10	13	\N	2026-01-13 12:40:22.655836	2026-01-13 12:40:22.655836	4
13	10	14	\N	2026-01-13 12:40:22.655836	2026-01-13 12:40:22.655836	4
13	10	16	\N	2026-01-13 12:40:22.655836	2026-01-13 12:40:22.655836	4
13	10	17	\N	2026-01-13 12:40:22.655836	2026-01-13 12:40:22.655836	4
13	10	18	\N	2026-01-13 12:40:22.655836	2026-01-13 12:40:22.655836	4
13	10	19	\N	2026-01-13 12:40:22.655836	2026-01-13 12:40:22.655836	4
13	10	20	\N	2026-01-13 12:40:22.655836	2026-01-13 12:40:22.655836	4
13	11	1	\N	2026-01-13 12:40:22.655836	2026-01-13 12:40:22.655836	4
13	11	2	\N	2026-01-13 12:40:22.655836	2026-01-13 12:40:22.655836	4
13	11	3	\N	2026-01-13 12:40:22.655836	2026-01-13 12:40:22.655836	4
13	11	4	\N	2026-01-13 12:40:22.655836	2026-01-13 12:40:22.655836	4
13	11	5	\N	2026-01-13 12:40:22.655836	2026-01-13 12:40:22.655836	4
13	11	6	\N	2026-01-13 12:40:22.655836	2026-01-13 12:40:22.655836	4
13	11	7	\N	2026-01-13 12:40:22.655836	2026-01-13 12:40:22.655836	4
13	11	8	\N	2026-01-13 12:40:22.655836	2026-01-13 12:40:22.655836	4
13	11	9	\N	2026-01-13 12:40:22.655836	2026-01-13 12:40:22.655836	4
13	11	10	\N	2026-01-13 12:40:22.655836	2026-01-13 12:40:22.655836	4
13	11	11	\N	2026-01-13 12:40:22.655836	2026-01-13 12:40:22.655836	4
13	11	12	\N	2026-01-13 12:40:22.655836	2026-01-13 12:40:22.655836	4
13	11	13	\N	2026-01-13 12:40:22.655836	2026-01-13 12:40:22.655836	4
13	11	14	\N	2026-01-13 12:40:22.655836	2026-01-13 12:40:22.655836	4
13	11	15	\N	2026-01-13 12:40:22.655836	2026-01-13 12:40:22.655836	4
13	11	16	\N	2026-01-13 12:40:22.655836	2026-01-13 12:40:22.655836	4
13	11	17	\N	2026-01-13 12:40:22.655836	2026-01-13 12:40:22.655836	4
13	11	18	\N	2026-01-13 12:40:22.655836	2026-01-13 12:40:22.655836	4
13	11	19	\N	2026-01-13 12:40:22.655836	2026-01-13 12:40:22.655836	4
13	11	20	\N	2026-01-13 12:40:22.655836	2026-01-13 12:40:22.655836	4
13	12	1	\N	2026-01-13 12:40:22.655836	2026-01-13 12:40:22.655836	4
13	12	2	\N	2026-01-13 12:40:22.655836	2026-01-13 12:40:22.655836	4
13	12	3	\N	2026-01-13 12:40:22.655836	2026-01-13 12:40:22.655836	4
13	12	4	\N	2026-01-13 12:40:22.655836	2026-01-13 12:40:22.655836	4
13	12	5	\N	2026-01-13 12:40:22.655836	2026-01-13 12:40:22.655836	4
13	12	6	\N	2026-01-13 12:40:22.655836	2026-01-13 12:40:22.655836	4
13	12	8	\N	2026-01-13 12:40:22.655836	2026-01-13 12:40:22.655836	4
13	12	9	\N	2026-01-13 12:40:22.655836	2026-01-13 12:40:22.655836	4
13	12	10	\N	2026-01-13 12:40:22.655836	2026-01-13 12:40:22.655836	4
13	12	11	\N	2026-01-13 12:40:22.655836	2026-01-13 12:40:22.655836	4
13	12	12	\N	2026-01-13 12:40:22.655836	2026-01-13 12:40:22.655836	4
13	12	13	\N	2026-01-13 12:40:22.655836	2026-01-13 12:40:22.655836	4
13	12	14	\N	2026-01-13 12:40:22.655836	2026-01-13 12:40:22.655836	4
13	12	15	\N	2026-01-13 12:40:22.655836	2026-01-13 12:40:22.655836	4
13	12	16	\N	2026-01-13 12:40:22.655836	2026-01-13 12:40:22.655836	4
13	12	17	\N	2026-01-13 12:40:22.655836	2026-01-13 12:40:22.655836	4
13	12	18	\N	2026-01-13 12:40:22.655836	2026-01-13 12:40:22.655836	4
13	12	19	\N	2026-01-13 12:40:22.655836	2026-01-13 12:40:22.655836	4
13	12	20	\N	2026-01-13 12:40:22.655836	2026-01-13 12:40:22.655836	4
13	13	1	\N	2026-01-13 12:40:22.655836	2026-01-13 12:40:22.655836	4
13	13	2	\N	2026-01-13 12:40:22.655836	2026-01-13 12:40:22.655836	4
13	13	3	\N	2026-01-13 12:40:22.655836	2026-01-13 12:40:22.655836	4
13	13	4	\N	2026-01-13 12:40:22.655836	2026-01-13 12:40:22.655836	4
13	13	5	\N	2026-01-13 12:40:22.655836	2026-01-13 12:40:22.655836	4
13	13	6	\N	2026-01-13 12:40:22.655836	2026-01-13 12:40:22.655836	4
13	13	7	\N	2026-01-13 12:40:22.655836	2026-01-13 12:40:22.655836	4
13	13	8	\N	2026-01-13 12:40:22.655836	2026-01-13 12:40:22.655836	4
13	13	9	\N	2026-01-13 12:40:22.655836	2026-01-13 12:40:22.655836	4
13	13	10	\N	2026-01-13 12:40:22.655836	2026-01-13 12:40:22.655836	4
13	13	11	\N	2026-01-13 12:40:22.655836	2026-01-13 12:40:22.655836	4
13	13	12	\N	2026-01-13 12:40:22.655836	2026-01-13 12:40:22.655836	4
13	13	13	\N	2026-01-13 12:40:22.655836	2026-01-13 12:40:22.655836	4
13	13	14	\N	2026-01-13 12:40:22.655836	2026-01-13 12:40:22.655836	4
13	13	15	\N	2026-01-13 12:40:22.655836	2026-01-13 12:40:22.655836	4
13	13	16	\N	2026-01-13 12:40:22.655836	2026-01-13 12:40:22.655836	4
13	13	17	\N	2026-01-13 12:40:22.655836	2026-01-13 12:40:22.655836	4
13	13	18	\N	2026-01-13 12:40:22.655836	2026-01-13 12:40:22.655836	4
13	13	19	\N	2026-01-13 12:40:22.655836	2026-01-13 12:40:22.655836	4
13	13	20	\N	2026-01-13 12:40:22.655836	2026-01-13 12:40:22.655836	4
13	14	1	\N	2026-01-13 12:40:22.655836	2026-01-13 12:40:22.655836	4
13	14	2	\N	2026-01-13 12:40:22.655836	2026-01-13 12:40:22.655836	4
13	14	3	\N	2026-01-13 12:40:22.655836	2026-01-13 12:40:22.655836	4
13	14	4	\N	2026-01-13 12:40:22.655836	2026-01-13 12:40:22.655836	4
13	14	5	\N	2026-01-13 12:40:22.655836	2026-01-13 12:40:22.655836	4
13	14	6	\N	2026-01-13 12:40:22.655836	2026-01-13 12:40:22.655836	4
13	14	7	\N	2026-01-13 12:40:22.655836	2026-01-13 12:40:22.655836	4
13	14	8	\N	2026-01-13 12:40:22.655836	2026-01-13 12:40:22.655836	4
13	14	9	\N	2026-01-13 12:40:22.655836	2026-01-13 12:40:22.655836	4
13	14	10	\N	2026-01-13 12:40:22.655836	2026-01-13 12:40:22.655836	4
13	14	11	\N	2026-01-13 12:40:22.655836	2026-01-13 12:40:22.655836	4
13	14	12	\N	2026-01-13 12:40:22.655836	2026-01-13 12:40:22.655836	4
13	14	13	\N	2026-01-13 12:40:22.655836	2026-01-13 12:40:22.655836	4
13	14	14	\N	2026-01-13 12:40:22.655836	2026-01-13 12:40:22.655836	4
13	14	15	\N	2026-01-13 12:40:22.655836	2026-01-13 12:40:22.655836	4
13	14	16	\N	2026-01-13 12:40:22.655836	2026-01-13 12:40:22.655836	4
13	14	17	\N	2026-01-13 12:40:22.655836	2026-01-13 12:40:22.655836	4
13	14	18	\N	2026-01-13 12:40:22.655836	2026-01-13 12:40:22.655836	4
13	14	19	\N	2026-01-13 12:40:22.655836	2026-01-13 12:40:22.655836	4
13	14	20	\N	2026-01-13 12:40:22.655836	2026-01-13 12:40:22.655836	4
13	15	1	\N	2026-01-13 12:40:22.655836	2026-01-13 12:40:22.655836	4
13	15	2	\N	2026-01-13 12:40:22.655836	2026-01-13 12:40:22.655836	4
13	15	3	\N	2026-01-13 12:40:22.655836	2026-01-13 12:40:22.655836	4
13	15	4	\N	2026-01-13 12:40:22.655836	2026-01-13 12:40:22.655836	4
13	15	5	\N	2026-01-13 12:40:22.655836	2026-01-13 12:40:22.655836	4
13	15	6	\N	2026-01-13 12:40:22.655836	2026-01-13 12:40:22.655836	4
13	15	7	\N	2026-01-13 12:40:22.655836	2026-01-13 12:40:22.655836	4
13	15	8	\N	2026-01-13 12:40:22.655836	2026-01-13 12:40:22.655836	4
13	15	9	\N	2026-01-13 12:40:22.655836	2026-01-13 12:40:22.655836	4
13	15	10	\N	2026-01-13 12:40:22.655836	2026-01-13 12:40:22.655836	4
13	15	11	\N	2026-01-13 12:40:22.655836	2026-01-13 12:40:22.655836	4
13	15	12	\N	2026-01-13 12:40:22.655836	2026-01-13 12:40:22.655836	4
13	15	13	\N	2026-01-13 12:40:22.655836	2026-01-13 12:40:22.655836	4
13	15	14	\N	2026-01-13 12:40:22.655836	2026-01-13 12:40:22.655836	4
13	15	15	\N	2026-01-13 12:40:22.655836	2026-01-13 12:40:22.655836	4
13	15	16	\N	2026-01-13 12:40:22.655836	2026-01-13 12:40:22.655836	4
13	15	17	\N	2026-01-13 12:40:22.655836	2026-01-13 12:40:22.655836	4
13	15	18	\N	2026-01-13 12:40:22.655836	2026-01-13 12:40:22.655836	4
13	15	19	\N	2026-01-13 12:40:22.655836	2026-01-13 12:40:22.655836	4
13	15	20	\N	2026-01-13 12:40:22.655836	2026-01-13 12:40:22.655836	4
13	16	1	\N	2026-01-13 12:40:22.655836	2026-01-13 12:40:22.655836	4
13	16	2	\N	2026-01-13 12:40:22.655836	2026-01-13 12:40:22.655836	4
13	16	3	\N	2026-01-13 12:40:22.655836	2026-01-13 12:40:22.655836	4
13	16	4	\N	2026-01-13 12:40:22.655836	2026-01-13 12:40:22.655836	4
13	16	5	\N	2026-01-13 12:40:22.655836	2026-01-13 12:40:22.655836	4
13	16	6	\N	2026-01-13 12:40:22.655836	2026-01-13 12:40:22.655836	4
13	16	7	\N	2026-01-13 12:40:22.655836	2026-01-13 12:40:22.655836	4
13	16	8	\N	2026-01-13 12:40:22.655836	2026-01-13 12:40:22.655836	4
13	16	9	\N	2026-01-13 12:40:22.655836	2026-01-13 12:40:22.655836	4
13	16	10	\N	2026-01-13 12:40:22.655836	2026-01-13 12:40:22.655836	4
13	16	11	\N	2026-01-13 12:40:22.655836	2026-01-13 12:40:22.655836	4
13	16	12	\N	2026-01-13 12:40:22.655836	2026-01-13 12:40:22.655836	4
13	16	13	\N	2026-01-13 12:40:22.655836	2026-01-13 12:40:22.655836	4
13	16	14	\N	2026-01-13 12:40:22.655836	2026-01-13 12:40:22.655836	4
13	16	15	\N	2026-01-13 12:40:22.655836	2026-01-13 12:40:22.655836	4
13	16	16	\N	2026-01-13 12:40:22.655836	2026-01-13 12:40:22.655836	4
13	16	17	\N	2026-01-13 12:40:22.655836	2026-01-13 12:40:22.655836	4
13	16	18	\N	2026-01-13 12:40:22.655836	2026-01-13 12:40:22.655836	4
13	16	19	\N	2026-01-13 12:40:22.655836	2026-01-13 12:40:22.655836	4
13	16	20	\N	2026-01-13 12:40:22.655836	2026-01-13 12:40:22.655836	4
13	17	1	\N	2026-01-13 12:40:22.655836	2026-01-13 12:40:22.655836	4
13	17	2	\N	2026-01-13 12:40:22.655836	2026-01-13 12:40:22.655836	4
13	17	3	\N	2026-01-13 12:40:22.655836	2026-01-13 12:40:22.655836	4
13	17	4	\N	2026-01-13 12:40:22.655836	2026-01-13 12:40:22.655836	4
13	17	5	\N	2026-01-13 12:40:22.655836	2026-01-13 12:40:22.655836	4
13	17	6	\N	2026-01-13 12:40:22.655836	2026-01-13 12:40:22.655836	4
13	17	7	\N	2026-01-13 12:40:22.655836	2026-01-13 12:40:22.655836	4
13	17	8	\N	2026-01-13 12:40:22.655836	2026-01-13 12:40:22.655836	4
13	17	9	\N	2026-01-13 12:40:22.655836	2026-01-13 12:40:22.655836	4
13	17	10	\N	2026-01-13 12:40:22.655836	2026-01-13 12:40:22.655836	4
13	17	11	\N	2026-01-13 12:40:22.655836	2026-01-13 12:40:22.655836	4
13	17	12	\N	2026-01-13 12:40:22.655836	2026-01-13 12:40:22.655836	4
13	17	13	\N	2026-01-13 12:40:22.655836	2026-01-13 12:40:22.655836	4
13	17	14	\N	2026-01-13 12:40:22.655836	2026-01-13 12:40:22.655836	4
13	17	15	\N	2026-01-13 12:40:22.655836	2026-01-13 12:40:22.655836	4
13	17	16	\N	2026-01-13 12:40:22.655836	2026-01-13 12:40:22.655836	4
13	17	17	\N	2026-01-13 12:40:22.655836	2026-01-13 12:40:22.655836	4
13	17	18	\N	2026-01-13 12:40:22.655836	2026-01-13 12:40:22.655836	4
13	17	19	\N	2026-01-13 12:40:22.655836	2026-01-13 12:40:22.655836	4
13	17	20	\N	2026-01-13 12:40:22.655836	2026-01-13 12:40:22.655836	4
13	18	1	\N	2026-01-13 12:40:22.655836	2026-01-13 12:40:22.655836	4
13	18	2	\N	2026-01-13 12:40:22.655836	2026-01-13 12:40:22.655836	4
13	18	3	\N	2026-01-13 12:40:22.655836	2026-01-13 12:40:22.655836	4
13	18	4	\N	2026-01-13 12:40:22.655836	2026-01-13 12:40:22.655836	4
13	18	5	\N	2026-01-13 12:40:22.655836	2026-01-13 12:40:22.655836	4
13	18	6	\N	2026-01-13 12:40:22.655836	2026-01-13 12:40:22.655836	4
13	18	7	\N	2026-01-13 12:40:22.655836	2026-01-13 12:40:22.655836	4
13	18	8	\N	2026-01-13 12:40:22.655836	2026-01-13 12:40:22.655836	4
13	18	9	\N	2026-01-13 12:40:22.655836	2026-01-13 12:40:22.655836	4
13	18	10	\N	2026-01-13 12:40:22.655836	2026-01-13 12:40:22.655836	4
13	18	11	\N	2026-01-13 12:40:22.655836	2026-01-13 12:40:22.655836	4
13	18	12	\N	2026-01-13 12:40:22.655836	2026-01-13 12:40:22.655836	4
13	18	13	\N	2026-01-13 12:40:22.655836	2026-01-13 12:40:22.655836	4
13	18	14	\N	2026-01-13 12:40:22.655836	2026-01-13 12:40:22.655836	4
13	18	15	\N	2026-01-13 12:40:22.655836	2026-01-13 12:40:22.655836	4
13	18	16	\N	2026-01-13 12:40:22.655836	2026-01-13 12:40:22.655836	4
13	18	17	\N	2026-01-13 12:40:22.655836	2026-01-13 12:40:22.655836	4
13	18	18	\N	2026-01-13 12:40:22.655836	2026-01-13 12:40:22.655836	4
13	18	19	\N	2026-01-13 12:40:22.655836	2026-01-13 12:40:22.655836	4
13	18	20	\N	2026-01-13 12:40:22.655836	2026-01-13 12:40:22.655836	4
13	19	1	\N	2026-01-13 12:40:22.655836	2026-01-13 12:40:22.655836	4
13	19	2	\N	2026-01-13 12:40:22.655836	2026-01-13 12:40:22.655836	4
13	19	3	\N	2026-01-13 12:40:22.655836	2026-01-13 12:40:22.655836	4
13	19	4	\N	2026-01-13 12:40:22.655836	2026-01-13 12:40:22.655836	4
13	19	5	\N	2026-01-13 12:40:22.655836	2026-01-13 12:40:22.655836	4
13	19	6	\N	2026-01-13 12:40:22.655836	2026-01-13 12:40:22.655836	4
13	19	7	\N	2026-01-13 12:40:22.655836	2026-01-13 12:40:22.655836	4
13	19	8	\N	2026-01-13 12:40:22.655836	2026-01-13 12:40:22.655836	4
13	19	9	\N	2026-01-13 12:40:22.655836	2026-01-13 12:40:22.655836	4
13	19	10	\N	2026-01-13 12:40:22.655836	2026-01-13 12:40:22.655836	4
13	19	11	\N	2026-01-13 12:40:22.655836	2026-01-13 12:40:22.655836	4
13	19	12	\N	2026-01-13 12:40:22.655836	2026-01-13 12:40:22.655836	4
13	19	13	\N	2026-01-13 12:40:22.655836	2026-01-13 12:40:22.655836	4
13	19	14	\N	2026-01-13 12:40:22.655836	2026-01-13 12:40:22.655836	4
13	19	15	\N	2026-01-13 12:40:22.655836	2026-01-13 12:40:22.655836	4
13	19	16	\N	2026-01-13 12:40:22.655836	2026-01-13 12:40:22.655836	4
13	19	17	\N	2026-01-13 12:40:22.655836	2026-01-13 12:40:22.655836	4
13	19	18	\N	2026-01-13 12:40:22.655836	2026-01-13 12:40:22.655836	4
13	19	19	\N	2026-01-13 12:40:22.655836	2026-01-13 12:40:22.655836	4
13	19	20	\N	2026-01-13 12:40:22.655836	2026-01-13 12:40:22.655836	4
13	20	1	\N	2026-01-13 12:40:22.655836	2026-01-13 12:40:22.655836	4
13	20	2	\N	2026-01-13 12:40:22.655836	2026-01-13 12:40:22.655836	4
13	20	3	\N	2026-01-13 12:40:22.655836	2026-01-13 12:40:22.655836	4
13	20	4	\N	2026-01-13 12:40:22.655836	2026-01-13 12:40:22.655836	4
13	20	5	\N	2026-01-13 12:40:22.655836	2026-01-13 12:40:22.655836	4
13	20	6	\N	2026-01-13 12:40:22.655836	2026-01-13 12:40:22.655836	4
13	20	7	\N	2026-01-13 12:40:22.655836	2026-01-13 12:40:22.655836	4
13	20	8	\N	2026-01-13 12:40:22.655836	2026-01-13 12:40:22.655836	4
13	20	9	\N	2026-01-13 12:40:22.655836	2026-01-13 12:40:22.655836	4
13	20	10	\N	2026-01-13 12:40:22.655836	2026-01-13 12:40:22.655836	4
13	20	11	\N	2026-01-13 12:40:22.655836	2026-01-13 12:40:22.655836	4
13	20	12	\N	2026-01-13 12:40:22.655836	2026-01-13 12:40:22.655836	4
13	20	13	\N	2026-01-13 12:40:22.655836	2026-01-13 12:40:22.655836	4
13	20	14	\N	2026-01-13 12:40:22.655836	2026-01-13 12:40:22.655836	4
13	20	15	\N	2026-01-13 12:40:22.655836	2026-01-13 12:40:22.655836	4
13	20	16	\N	2026-01-13 12:40:22.655836	2026-01-13 12:40:22.655836	4
13	20	17	\N	2026-01-13 12:40:22.655836	2026-01-13 12:40:22.655836	4
13	20	18	\N	2026-01-13 12:40:22.655836	2026-01-13 12:40:22.655836	4
13	20	19	\N	2026-01-13 12:40:22.655836	2026-01-13 12:40:22.655836	4
13	20	20	\N	2026-01-13 12:40:22.655836	2026-01-13 12:40:22.655836	4
14	1	1	\N	2026-01-13 13:45:28.548273	2026-01-13 13:45:28.548273	4
14	1	2	\N	2026-01-13 13:45:28.548273	2026-01-13 13:45:28.548273	4
14	1	3	\N	2026-01-13 13:45:28.548273	2026-01-13 13:45:28.548273	4
14	1	5	\N	2026-01-13 13:45:28.548273	2026-01-13 13:45:28.548273	4
14	1	6	\N	2026-01-13 13:45:28.548273	2026-01-13 13:45:28.548273	4
14	1	7	\N	2026-01-13 13:45:28.548273	2026-01-13 13:45:28.548273	4
14	1	8	\N	2026-01-13 13:45:28.548273	2026-01-13 13:45:28.548273	4
14	1	10	187921cc-f5b9-44d9-93db-98fdeed2ea23	2026-01-13 13:45:28.548273	2026-03-15 20:53:19.798236	4
14	1	11	\N	2026-01-13 13:45:28.548273	2026-01-13 13:45:28.548273	4
14	1	12	\N	2026-01-13 13:45:28.548273	2026-01-13 13:45:28.548273	4
14	1	13	\N	2026-01-13 13:45:28.548273	2026-01-13 13:45:28.548273	4
14	1	14	\N	2026-01-13 13:45:28.548273	2026-01-13 13:45:28.548273	4
14	1	15	\N	2026-01-13 13:45:28.548273	2026-01-13 13:45:28.548273	4
14	1	16	\N	2026-01-13 13:45:28.548273	2026-01-13 13:45:28.548273	4
14	1	17	\N	2026-01-13 13:45:28.548273	2026-01-13 13:45:28.548273	4
14	1	18	\N	2026-01-13 13:45:28.548273	2026-01-13 13:45:28.548273	4
14	1	19	\N	2026-01-13 13:45:28.548273	2026-01-13 13:45:28.548273	4
14	1	20	\N	2026-01-13 13:45:28.548273	2026-01-13 13:45:28.548273	4
14	2	1	\N	2026-01-13 13:45:28.548273	2026-01-13 13:45:28.548273	4
14	2	2	\N	2026-01-13 13:45:28.548273	2026-01-13 13:45:28.548273	4
14	2	3	\N	2026-01-13 13:45:28.548273	2026-01-13 13:45:28.548273	4
14	2	4	\N	2026-01-13 13:45:28.548273	2026-01-13 13:45:28.548273	4
14	2	5	\N	2026-01-13 13:45:28.548273	2026-01-13 13:45:28.548273	4
14	2	6	\N	2026-01-13 13:45:28.548273	2026-01-13 13:45:28.548273	4
13	9	14	\N	2026-01-13 12:40:22.655836	2026-01-14 11:42:17.071208	4
13	7	10	\N	2026-01-13 12:40:22.655836	2026-01-14 12:12:00.822611	4
14	1	4	bdfb6cc9-ba89-4250-bd7d-996a251c843f	2026-01-13 13:45:28.548273	2026-01-14 12:22:43.909422	4
14	2	7	\N	2026-01-13 13:45:28.548273	2026-01-13 13:45:28.548273	4
14	2	8	\N	2026-01-13 13:45:28.548273	2026-01-13 13:45:28.548273	4
14	2	9	\N	2026-01-13 13:45:28.548273	2026-01-13 13:45:28.548273	4
14	2	10	\N	2026-01-13 13:45:28.548273	2026-01-13 13:45:28.548273	4
14	2	11	\N	2026-01-13 13:45:28.548273	2026-01-13 13:45:28.548273	4
14	2	12	\N	2026-01-13 13:45:28.548273	2026-01-13 13:45:28.548273	4
14	2	13	\N	2026-01-13 13:45:28.548273	2026-01-13 13:45:28.548273	4
14	2	14	\N	2026-01-13 13:45:28.548273	2026-01-13 13:45:28.548273	4
14	2	15	\N	2026-01-13 13:45:28.548273	2026-01-13 13:45:28.548273	4
14	2	16	\N	2026-01-13 13:45:28.548273	2026-01-13 13:45:28.548273	4
14	2	17	\N	2026-01-13 13:45:28.548273	2026-01-13 13:45:28.548273	4
14	2	18	\N	2026-01-13 13:45:28.548273	2026-01-13 13:45:28.548273	4
14	2	19	\N	2026-01-13 13:45:28.548273	2026-01-13 13:45:28.548273	4
14	2	20	\N	2026-01-13 13:45:28.548273	2026-01-13 13:45:28.548273	4
14	3	1	\N	2026-01-13 13:45:28.548273	2026-01-13 13:45:28.548273	4
14	3	2	\N	2026-01-13 13:45:28.548273	2026-01-13 13:45:28.548273	4
14	3	3	\N	2026-01-13 13:45:28.548273	2026-01-13 13:45:28.548273	4
14	3	4	\N	2026-01-13 13:45:28.548273	2026-01-13 13:45:28.548273	4
14	3	5	\N	2026-01-13 13:45:28.548273	2026-01-13 13:45:28.548273	4
14	3	6	\N	2026-01-13 13:45:28.548273	2026-01-13 13:45:28.548273	4
14	3	7	\N	2026-01-13 13:45:28.548273	2026-01-13 13:45:28.548273	4
14	3	8	\N	2026-01-13 13:45:28.548273	2026-01-13 13:45:28.548273	4
14	3	9	\N	2026-01-13 13:45:28.548273	2026-01-13 13:45:28.548273	4
14	3	10	\N	2026-01-13 13:45:28.548273	2026-01-13 13:45:28.548273	4
14	3	11	\N	2026-01-13 13:45:28.548273	2026-01-13 13:45:28.548273	4
14	3	12	\N	2026-01-13 13:45:28.548273	2026-01-13 13:45:28.548273	4
14	3	13	\N	2026-01-13 13:45:28.548273	2026-01-13 13:45:28.548273	4
14	3	14	\N	2026-01-13 13:45:28.548273	2026-01-13 13:45:28.548273	4
14	3	15	\N	2026-01-13 13:45:28.548273	2026-01-13 13:45:28.548273	4
14	3	16	\N	2026-01-13 13:45:28.548273	2026-01-13 13:45:28.548273	4
14	3	17	\N	2026-01-13 13:45:28.548273	2026-01-13 13:45:28.548273	4
14	3	18	\N	2026-01-13 13:45:28.548273	2026-01-13 13:45:28.548273	4
14	3	19	\N	2026-01-13 13:45:28.548273	2026-01-13 13:45:28.548273	4
14	3	20	\N	2026-01-13 13:45:28.548273	2026-01-13 13:45:28.548273	4
14	4	1	\N	2026-01-13 13:45:28.548273	2026-01-13 13:45:28.548273	4
14	4	2	\N	2026-01-13 13:45:28.548273	2026-01-13 13:45:28.548273	4
14	4	3	\N	2026-01-13 13:45:28.548273	2026-01-13 13:45:28.548273	4
14	4	4	\N	2026-01-13 13:45:28.548273	2026-01-13 13:45:28.548273	4
14	4	5	\N	2026-01-13 13:45:28.548273	2026-01-13 13:45:28.548273	4
14	4	6	\N	2026-01-13 13:45:28.548273	2026-01-13 13:45:28.548273	4
14	4	7	\N	2026-01-13 13:45:28.548273	2026-01-13 13:45:28.548273	4
14	4	8	\N	2026-01-13 13:45:28.548273	2026-01-13 13:45:28.548273	4
14	4	9	\N	2026-01-13 13:45:28.548273	2026-01-13 13:45:28.548273	4
14	4	10	\N	2026-01-13 13:45:28.548273	2026-01-13 13:45:28.548273	4
14	4	11	\N	2026-01-13 13:45:28.548273	2026-01-13 13:45:28.548273	4
14	4	12	\N	2026-01-13 13:45:28.548273	2026-01-13 13:45:28.548273	4
14	4	13	\N	2026-01-13 13:45:28.548273	2026-01-13 13:45:28.548273	4
14	4	14	\N	2026-01-13 13:45:28.548273	2026-01-13 13:45:28.548273	4
14	4	15	\N	2026-01-13 13:45:28.548273	2026-01-13 13:45:28.548273	4
14	4	16	\N	2026-01-13 13:45:28.548273	2026-01-13 13:45:28.548273	4
14	4	17	\N	2026-01-13 13:45:28.548273	2026-01-13 13:45:28.548273	4
14	4	18	\N	2026-01-13 13:45:28.548273	2026-01-13 13:45:28.548273	4
14	4	19	\N	2026-01-13 13:45:28.548273	2026-01-13 13:45:28.548273	4
14	4	20	\N	2026-01-13 13:45:28.548273	2026-01-13 13:45:28.548273	4
14	5	1	\N	2026-01-13 13:45:28.548273	2026-01-13 13:45:28.548273	4
14	5	2	\N	2026-01-13 13:45:28.548273	2026-01-13 13:45:28.548273	4
14	5	3	\N	2026-01-13 13:45:28.548273	2026-01-13 13:45:28.548273	4
14	5	4	\N	2026-01-13 13:45:28.548273	2026-01-13 13:45:28.548273	4
14	5	5	\N	2026-01-13 13:45:28.548273	2026-01-13 13:45:28.548273	4
14	5	6	\N	2026-01-13 13:45:28.548273	2026-01-13 13:45:28.548273	4
14	5	7	\N	2026-01-13 13:45:28.548273	2026-01-13 13:45:28.548273	4
14	5	8	\N	2026-01-13 13:45:28.548273	2026-01-13 13:45:28.548273	4
14	5	9	\N	2026-01-13 13:45:28.548273	2026-01-13 13:45:28.548273	4
14	5	10	\N	2026-01-13 13:45:28.548273	2026-01-13 13:45:28.548273	4
14	5	11	\N	2026-01-13 13:45:28.548273	2026-01-13 13:45:28.548273	4
14	5	12	\N	2026-01-13 13:45:28.548273	2026-01-13 13:45:28.548273	4
14	5	13	\N	2026-01-13 13:45:28.548273	2026-01-13 13:45:28.548273	4
14	5	14	\N	2026-01-13 13:45:28.548273	2026-01-13 13:45:28.548273	4
14	5	15	\N	2026-01-13 13:45:28.548273	2026-01-13 13:45:28.548273	4
14	5	17	\N	2026-01-13 13:45:28.548273	2026-01-13 13:45:28.548273	4
14	5	18	\N	2026-01-13 13:45:28.548273	2026-01-13 13:45:28.548273	4
14	5	19	\N	2026-01-13 13:45:28.548273	2026-01-13 13:45:28.548273	4
14	5	20	\N	2026-01-13 13:45:28.548273	2026-01-13 13:45:28.548273	4
14	6	1	\N	2026-01-13 13:45:28.548273	2026-01-13 13:45:28.548273	4
14	6	2	\N	2026-01-13 13:45:28.548273	2026-01-13 13:45:28.548273	4
14	6	3	\N	2026-01-13 13:45:28.548273	2026-01-13 13:45:28.548273	4
14	6	4	\N	2026-01-13 13:45:28.548273	2026-01-13 13:45:28.548273	4
14	6	5	\N	2026-01-13 13:45:28.548273	2026-01-13 13:45:28.548273	4
14	6	6	\N	2026-01-13 13:45:28.548273	2026-01-13 13:45:28.548273	4
14	6	7	\N	2026-01-13 13:45:28.548273	2026-01-13 13:45:28.548273	4
14	6	8	\N	2026-01-13 13:45:28.548273	2026-01-13 13:45:28.548273	4
14	6	9	\N	2026-01-13 13:45:28.548273	2026-01-13 13:45:28.548273	4
14	6	10	\N	2026-01-13 13:45:28.548273	2026-01-13 13:45:28.548273	4
14	6	11	\N	2026-01-13 13:45:28.548273	2026-01-13 13:45:28.548273	4
14	6	12	\N	2026-01-13 13:45:28.548273	2026-01-13 13:45:28.548273	4
14	6	13	\N	2026-01-13 13:45:28.548273	2026-01-13 13:45:28.548273	4
14	6	14	\N	2026-01-13 13:45:28.548273	2026-01-13 13:45:28.548273	4
14	6	15	\N	2026-01-13 13:45:28.548273	2026-01-13 13:45:28.548273	4
14	6	16	\N	2026-01-13 13:45:28.548273	2026-01-13 13:45:28.548273	4
14	6	17	\N	2026-01-13 13:45:28.548273	2026-01-13 13:45:28.548273	4
14	6	18	\N	2026-01-13 13:45:28.548273	2026-01-13 13:45:28.548273	4
14	6	19	\N	2026-01-13 13:45:28.548273	2026-01-13 13:45:28.548273	4
14	6	20	\N	2026-01-13 13:45:28.548273	2026-01-13 13:45:28.548273	4
14	7	1	\N	2026-01-13 13:45:28.548273	2026-01-13 13:45:28.548273	4
14	7	2	\N	2026-01-13 13:45:28.548273	2026-01-13 13:45:28.548273	4
14	7	3	\N	2026-01-13 13:45:28.548273	2026-01-13 13:45:28.548273	4
14	7	4	\N	2026-01-13 13:45:28.548273	2026-01-13 13:45:28.548273	4
14	7	5	\N	2026-01-13 13:45:28.548273	2026-01-13 13:45:28.548273	4
14	7	6	\N	2026-01-13 13:45:28.548273	2026-01-13 13:45:28.548273	4
14	7	7	\N	2026-01-13 13:45:28.548273	2026-01-13 13:45:28.548273	4
14	7	8	\N	2026-01-13 13:45:28.548273	2026-01-13 13:45:28.548273	4
14	7	9	\N	2026-01-13 13:45:28.548273	2026-01-13 13:45:28.548273	4
14	7	10	\N	2026-01-13 13:45:28.548273	2026-01-13 13:45:28.548273	4
14	7	11	\N	2026-01-13 13:45:28.548273	2026-01-13 13:45:28.548273	4
14	7	12	\N	2026-01-13 13:45:28.548273	2026-01-13 13:45:28.548273	4
14	7	13	\N	2026-01-13 13:45:28.548273	2026-01-13 13:45:28.548273	4
14	7	14	\N	2026-01-13 13:45:28.548273	2026-01-13 13:45:28.548273	4
14	7	15	\N	2026-01-13 13:45:28.548273	2026-01-13 13:45:28.548273	4
14	7	16	\N	2026-01-13 13:45:28.548273	2026-01-13 13:45:28.548273	4
14	7	17	\N	2026-01-13 13:45:28.548273	2026-01-13 13:45:28.548273	4
14	7	18	\N	2026-01-13 13:45:28.548273	2026-01-13 13:45:28.548273	4
14	7	19	\N	2026-01-13 13:45:28.548273	2026-01-13 13:45:28.548273	4
14	7	20	\N	2026-01-13 13:45:28.548273	2026-01-13 13:45:28.548273	4
14	8	1	\N	2026-01-13 13:45:28.548273	2026-01-13 13:45:28.548273	4
14	8	2	\N	2026-01-13 13:45:28.548273	2026-01-13 13:45:28.548273	4
14	8	3	\N	2026-01-13 13:45:28.548273	2026-01-13 13:45:28.548273	4
14	8	4	\N	2026-01-13 13:45:28.548273	2026-01-13 13:45:28.548273	4
14	8	5	\N	2026-01-13 13:45:28.548273	2026-01-13 13:45:28.548273	4
14	8	6	\N	2026-01-13 13:45:28.548273	2026-01-13 13:45:28.548273	4
14	8	7	\N	2026-01-13 13:45:28.548273	2026-01-13 13:45:28.548273	4
14	8	8	\N	2026-01-13 13:45:28.548273	2026-01-13 13:45:28.548273	4
14	8	9	\N	2026-01-13 13:45:28.548273	2026-01-13 13:45:28.548273	4
14	8	10	\N	2026-01-13 13:45:28.548273	2026-01-13 13:45:28.548273	4
14	8	11	\N	2026-01-13 13:45:28.548273	2026-01-13 13:45:28.548273	4
14	8	12	\N	2026-01-13 13:45:28.548273	2026-01-13 13:45:28.548273	4
14	8	13	\N	2026-01-13 13:45:28.548273	2026-01-13 13:45:28.548273	4
14	8	14	\N	2026-01-13 13:45:28.548273	2026-01-13 13:45:28.548273	4
14	8	15	\N	2026-01-13 13:45:28.548273	2026-01-13 13:45:28.548273	4
14	8	16	\N	2026-01-13 13:45:28.548273	2026-01-13 13:45:28.548273	4
14	8	17	\N	2026-01-13 13:45:28.548273	2026-01-13 13:45:28.548273	4
14	8	18	\N	2026-01-13 13:45:28.548273	2026-01-13 13:45:28.548273	4
14	8	19	\N	2026-01-13 13:45:28.548273	2026-01-13 13:45:28.548273	4
14	8	20	\N	2026-01-13 13:45:28.548273	2026-01-13 13:45:28.548273	4
14	9	1	\N	2026-01-13 13:45:28.548273	2026-01-13 13:45:28.548273	4
14	9	2	\N	2026-01-13 13:45:28.548273	2026-01-13 13:45:28.548273	4
14	9	3	\N	2026-01-13 13:45:28.548273	2026-01-13 13:45:28.548273	4
14	9	4	\N	2026-01-13 13:45:28.548273	2026-01-13 13:45:28.548273	4
14	9	5	\N	2026-01-13 13:45:28.548273	2026-01-13 13:45:28.548273	4
14	9	6	\N	2026-01-13 13:45:28.548273	2026-01-13 13:45:28.548273	4
14	9	7	\N	2026-01-13 13:45:28.548273	2026-01-13 13:45:28.548273	4
14	9	8	\N	2026-01-13 13:45:28.548273	2026-01-13 13:45:28.548273	4
14	9	9	\N	2026-01-13 13:45:28.548273	2026-01-13 13:45:28.548273	4
14	9	10	\N	2026-01-13 13:45:28.548273	2026-01-13 13:45:28.548273	4
14	9	11	\N	2026-01-13 13:45:28.548273	2026-01-13 13:45:28.548273	4
14	9	12	\N	2026-01-13 13:45:28.548273	2026-01-13 13:45:28.548273	4
14	9	13	\N	2026-01-13 13:45:28.548273	2026-01-13 13:45:28.548273	4
14	9	14	\N	2026-01-13 13:45:28.548273	2026-01-13 13:45:28.548273	4
14	9	15	\N	2026-01-13 13:45:28.548273	2026-01-13 13:45:28.548273	4
14	9	16	\N	2026-01-13 13:45:28.548273	2026-01-13 13:45:28.548273	4
14	9	17	\N	2026-01-13 13:45:28.548273	2026-01-13 13:45:28.548273	4
14	9	18	\N	2026-01-13 13:45:28.548273	2026-01-13 13:45:28.548273	4
14	9	19	\N	2026-01-13 13:45:28.548273	2026-01-13 13:45:28.548273	4
14	9	20	\N	2026-01-13 13:45:28.548273	2026-01-13 13:45:28.548273	4
14	10	1	\N	2026-01-13 13:45:28.548273	2026-01-13 13:45:28.548273	4
14	10	2	\N	2026-01-13 13:45:28.548273	2026-01-13 13:45:28.548273	4
14	10	3	\N	2026-01-13 13:45:28.548273	2026-01-13 13:45:28.548273	4
14	10	4	\N	2026-01-13 13:45:28.548273	2026-01-13 13:45:28.548273	4
14	10	5	\N	2026-01-13 13:45:28.548273	2026-01-13 13:45:28.548273	4
14	10	6	\N	2026-01-13 13:45:28.548273	2026-01-13 13:45:28.548273	4
14	10	7	\N	2026-01-13 13:45:28.548273	2026-01-13 13:45:28.548273	4
14	10	8	\N	2026-01-13 13:45:28.548273	2026-01-13 13:45:28.548273	4
14	10	9	\N	2026-01-13 13:45:28.548273	2026-01-13 13:45:28.548273	4
14	10	10	\N	2026-01-13 13:45:28.548273	2026-01-13 13:45:28.548273	4
14	10	11	\N	2026-01-13 13:45:28.548273	2026-01-13 13:45:28.548273	4
14	10	12	\N	2026-01-13 13:45:28.548273	2026-01-13 13:45:28.548273	4
14	10	13	\N	2026-01-13 13:45:28.548273	2026-01-13 13:45:28.548273	4
14	10	14	\N	2026-01-13 13:45:28.548273	2026-01-13 13:45:28.548273	4
14	10	15	\N	2026-01-13 13:45:28.548273	2026-01-13 13:45:28.548273	4
14	10	16	\N	2026-01-13 13:45:28.548273	2026-01-13 13:45:28.548273	4
14	10	17	\N	2026-01-13 13:45:28.548273	2026-01-13 13:45:28.548273	4
14	10	18	\N	2026-01-13 13:45:28.548273	2026-01-13 13:45:28.548273	4
14	10	19	\N	2026-01-13 13:45:28.548273	2026-01-13 13:45:28.548273	4
14	10	20	\N	2026-01-13 13:45:28.548273	2026-01-13 13:45:28.548273	4
14	11	1	\N	2026-01-13 13:45:28.548273	2026-01-13 13:45:28.548273	4
14	11	2	\N	2026-01-13 13:45:28.548273	2026-01-13 13:45:28.548273	4
14	11	3	\N	2026-01-13 13:45:28.548273	2026-01-13 13:45:28.548273	4
14	11	4	\N	2026-01-13 13:45:28.548273	2026-01-13 13:45:28.548273	4
14	11	5	\N	2026-01-13 13:45:28.548273	2026-01-13 13:45:28.548273	4
14	11	6	\N	2026-01-13 13:45:28.548273	2026-01-13 13:45:28.548273	4
14	11	7	\N	2026-01-13 13:45:28.548273	2026-01-13 13:45:28.548273	4
14	11	8	\N	2026-01-13 13:45:28.548273	2026-01-13 13:45:28.548273	4
14	11	9	\N	2026-01-13 13:45:28.548273	2026-01-13 13:45:28.548273	4
14	11	10	\N	2026-01-13 13:45:28.548273	2026-01-13 13:45:28.548273	4
14	11	11	\N	2026-01-13 13:45:28.548273	2026-01-13 13:45:28.548273	4
14	11	12	\N	2026-01-13 13:45:28.548273	2026-01-13 13:45:28.548273	4
14	11	13	\N	2026-01-13 13:45:28.548273	2026-01-13 13:45:28.548273	4
14	11	14	\N	2026-01-13 13:45:28.548273	2026-01-13 13:45:28.548273	4
14	11	15	\N	2026-01-13 13:45:28.548273	2026-01-13 13:45:28.548273	4
14	11	16	\N	2026-01-13 13:45:28.548273	2026-01-13 13:45:28.548273	4
14	11	17	\N	2026-01-13 13:45:28.548273	2026-01-13 13:45:28.548273	4
14	11	18	\N	2026-01-13 13:45:28.548273	2026-01-13 13:45:28.548273	4
14	11	19	\N	2026-01-13 13:45:28.548273	2026-01-13 13:45:28.548273	4
14	11	20	\N	2026-01-13 13:45:28.548273	2026-01-13 13:45:28.548273	4
14	12	1	\N	2026-01-13 13:45:28.548273	2026-01-13 13:45:28.548273	4
14	12	2	\N	2026-01-13 13:45:28.548273	2026-01-13 13:45:28.548273	4
14	12	3	\N	2026-01-13 13:45:28.548273	2026-01-13 13:45:28.548273	4
14	12	4	\N	2026-01-13 13:45:28.548273	2026-01-13 13:45:28.548273	4
14	12	5	\N	2026-01-13 13:45:28.548273	2026-01-13 13:45:28.548273	4
14	12	6	\N	2026-01-13 13:45:28.548273	2026-01-13 13:45:28.548273	4
14	12	7	\N	2026-01-13 13:45:28.548273	2026-01-13 13:45:28.548273	4
14	12	8	\N	2026-01-13 13:45:28.548273	2026-01-13 13:45:28.548273	4
14	12	9	\N	2026-01-13 13:45:28.548273	2026-01-13 13:45:28.548273	4
14	12	10	\N	2026-01-13 13:45:28.548273	2026-01-13 13:45:28.548273	4
14	12	11	\N	2026-01-13 13:45:28.548273	2026-01-13 13:45:28.548273	4
14	12	12	\N	2026-01-13 13:45:28.548273	2026-01-13 13:45:28.548273	4
14	12	13	\N	2026-01-13 13:45:28.548273	2026-01-13 13:45:28.548273	4
14	12	14	\N	2026-01-13 13:45:28.548273	2026-01-13 13:45:28.548273	4
14	12	15	\N	2026-01-13 13:45:28.548273	2026-01-13 13:45:28.548273	4
14	12	16	\N	2026-01-13 13:45:28.548273	2026-01-13 13:45:28.548273	4
14	12	17	\N	2026-01-13 13:45:28.548273	2026-01-13 13:45:28.548273	4
14	12	18	\N	2026-01-13 13:45:28.548273	2026-01-13 13:45:28.548273	4
14	12	19	\N	2026-01-13 13:45:28.548273	2026-01-13 13:45:28.548273	4
14	12	20	\N	2026-01-13 13:45:28.548273	2026-01-13 13:45:28.548273	4
14	13	1	\N	2026-01-13 13:45:28.548273	2026-01-13 13:45:28.548273	4
14	13	2	\N	2026-01-13 13:45:28.548273	2026-01-13 13:45:28.548273	4
14	13	3	\N	2026-01-13 13:45:28.548273	2026-01-13 13:45:28.548273	4
14	13	4	\N	2026-01-13 13:45:28.548273	2026-01-13 13:45:28.548273	4
14	13	5	\N	2026-01-13 13:45:28.548273	2026-01-13 13:45:28.548273	4
14	13	6	\N	2026-01-13 13:45:28.548273	2026-01-13 13:45:28.548273	4
14	13	7	\N	2026-01-13 13:45:28.548273	2026-01-13 13:45:28.548273	4
14	13	8	\N	2026-01-13 13:45:28.548273	2026-01-13 13:45:28.548273	4
14	13	9	\N	2026-01-13 13:45:28.548273	2026-01-13 13:45:28.548273	4
14	13	10	\N	2026-01-13 13:45:28.548273	2026-01-13 13:45:28.548273	4
14	13	11	\N	2026-01-13 13:45:28.548273	2026-01-13 13:45:28.548273	4
14	13	12	\N	2026-01-13 13:45:28.548273	2026-01-13 13:45:28.548273	4
14	13	13	\N	2026-01-13 13:45:28.548273	2026-01-13 13:45:28.548273	4
14	13	14	\N	2026-01-13 13:45:28.548273	2026-01-13 13:45:28.548273	4
14	13	15	\N	2026-01-13 13:45:28.548273	2026-01-13 13:45:28.548273	4
14	13	16	\N	2026-01-13 13:45:28.548273	2026-01-13 13:45:28.548273	4
14	13	17	\N	2026-01-13 13:45:28.548273	2026-01-13 13:45:28.548273	4
14	13	18	\N	2026-01-13 13:45:28.548273	2026-01-13 13:45:28.548273	4
14	13	19	\N	2026-01-13 13:45:28.548273	2026-01-13 13:45:28.548273	4
14	13	20	\N	2026-01-13 13:45:28.548273	2026-01-13 13:45:28.548273	4
14	14	1	\N	2026-01-13 13:45:28.548273	2026-01-13 13:45:28.548273	4
14	14	2	\N	2026-01-13 13:45:28.548273	2026-01-13 13:45:28.548273	4
14	14	3	\N	2026-01-13 13:45:28.548273	2026-01-13 13:45:28.548273	4
14	14	4	\N	2026-01-13 13:45:28.548273	2026-01-13 13:45:28.548273	4
14	14	5	\N	2026-01-13 13:45:28.548273	2026-01-13 13:45:28.548273	4
14	14	6	\N	2026-01-13 13:45:28.548273	2026-01-13 13:45:28.548273	4
14	14	7	\N	2026-01-13 13:45:28.548273	2026-01-13 13:45:28.548273	4
14	14	8	\N	2026-01-13 13:45:28.548273	2026-01-13 13:45:28.548273	4
14	14	9	\N	2026-01-13 13:45:28.548273	2026-01-13 13:45:28.548273	4
14	14	10	\N	2026-01-13 13:45:28.548273	2026-01-13 13:45:28.548273	4
14	14	11	\N	2026-01-13 13:45:28.548273	2026-01-13 13:45:28.548273	4
14	14	12	\N	2026-01-13 13:45:28.548273	2026-01-13 13:45:28.548273	4
14	14	13	\N	2026-01-13 13:45:28.548273	2026-01-13 13:45:28.548273	4
14	14	14	\N	2026-01-13 13:45:28.548273	2026-01-13 13:45:28.548273	4
14	14	15	\N	2026-01-13 13:45:28.548273	2026-01-13 13:45:28.548273	4
14	14	16	\N	2026-01-13 13:45:28.548273	2026-01-13 13:45:28.548273	4
14	14	17	\N	2026-01-13 13:45:28.548273	2026-01-13 13:45:28.548273	4
14	14	18	\N	2026-01-13 13:45:28.548273	2026-01-13 13:45:28.548273	4
14	14	19	\N	2026-01-13 13:45:28.548273	2026-01-13 13:45:28.548273	4
14	14	20	\N	2026-01-13 13:45:28.548273	2026-01-13 13:45:28.548273	4
14	15	1	\N	2026-01-13 13:45:28.548273	2026-01-13 13:45:28.548273	4
14	15	2	\N	2026-01-13 13:45:28.548273	2026-01-13 13:45:28.548273	4
14	15	3	\N	2026-01-13 13:45:28.548273	2026-01-13 13:45:28.548273	4
14	15	4	\N	2026-01-13 13:45:28.548273	2026-01-13 13:45:28.548273	4
14	15	5	\N	2026-01-13 13:45:28.548273	2026-01-13 13:45:28.548273	4
14	15	6	\N	2026-01-13 13:45:28.548273	2026-01-13 13:45:28.548273	4
14	15	7	\N	2026-01-13 13:45:28.548273	2026-01-13 13:45:28.548273	4
14	15	8	\N	2026-01-13 13:45:28.548273	2026-01-13 13:45:28.548273	4
14	15	9	\N	2026-01-13 13:45:28.548273	2026-01-13 13:45:28.548273	4
14	15	10	\N	2026-01-13 13:45:28.548273	2026-01-13 13:45:28.548273	4
14	15	11	\N	2026-01-13 13:45:28.548273	2026-01-13 13:45:28.548273	4
14	15	12	\N	2026-01-13 13:45:28.548273	2026-01-13 13:45:28.548273	4
14	15	13	\N	2026-01-13 13:45:28.548273	2026-01-13 13:45:28.548273	4
14	15	14	\N	2026-01-13 13:45:28.548273	2026-01-13 13:45:28.548273	4
14	15	15	\N	2026-01-13 13:45:28.548273	2026-01-13 13:45:28.548273	4
14	15	16	\N	2026-01-13 13:45:28.548273	2026-01-13 13:45:28.548273	4
14	15	17	\N	2026-01-13 13:45:28.548273	2026-01-13 13:45:28.548273	4
14	15	18	\N	2026-01-13 13:45:28.548273	2026-01-13 13:45:28.548273	4
14	15	19	\N	2026-01-13 13:45:28.548273	2026-01-13 13:45:28.548273	4
14	15	20	\N	2026-01-13 13:45:28.548273	2026-01-13 13:45:28.548273	4
14	16	1	\N	2026-01-13 13:45:28.548273	2026-01-13 13:45:28.548273	4
14	16	2	\N	2026-01-13 13:45:28.548273	2026-01-13 13:45:28.548273	4
14	16	3	\N	2026-01-13 13:45:28.548273	2026-01-13 13:45:28.548273	4
14	16	4	\N	2026-01-13 13:45:28.548273	2026-01-13 13:45:28.548273	4
14	16	5	\N	2026-01-13 13:45:28.548273	2026-01-13 13:45:28.548273	4
14	16	6	\N	2026-01-13 13:45:28.548273	2026-01-13 13:45:28.548273	4
14	16	7	\N	2026-01-13 13:45:28.548273	2026-01-13 13:45:28.548273	4
14	16	8	\N	2026-01-13 13:45:28.548273	2026-01-13 13:45:28.548273	4
14	16	9	\N	2026-01-13 13:45:28.548273	2026-01-13 13:45:28.548273	4
14	16	10	\N	2026-01-13 13:45:28.548273	2026-01-13 13:45:28.548273	4
14	16	11	\N	2026-01-13 13:45:28.548273	2026-01-13 13:45:28.548273	4
14	16	12	\N	2026-01-13 13:45:28.548273	2026-01-13 13:45:28.548273	4
14	16	13	\N	2026-01-13 13:45:28.548273	2026-01-13 13:45:28.548273	4
14	16	14	\N	2026-01-13 13:45:28.548273	2026-01-13 13:45:28.548273	4
14	16	15	\N	2026-01-13 13:45:28.548273	2026-01-13 13:45:28.548273	4
14	16	16	\N	2026-01-13 13:45:28.548273	2026-01-13 13:45:28.548273	4
14	16	17	\N	2026-01-13 13:45:28.548273	2026-01-13 13:45:28.548273	4
14	16	18	\N	2026-01-13 13:45:28.548273	2026-01-13 13:45:28.548273	4
14	16	19	\N	2026-01-13 13:45:28.548273	2026-01-13 13:45:28.548273	4
14	16	20	\N	2026-01-13 13:45:28.548273	2026-01-13 13:45:28.548273	4
14	17	1	\N	2026-01-13 13:45:28.548273	2026-01-13 13:45:28.548273	4
14	17	2	\N	2026-01-13 13:45:28.548273	2026-01-13 13:45:28.548273	4
14	17	3	\N	2026-01-13 13:45:28.548273	2026-01-13 13:45:28.548273	4
14	17	4	\N	2026-01-13 13:45:28.548273	2026-01-13 13:45:28.548273	4
14	17	5	\N	2026-01-13 13:45:28.548273	2026-01-13 13:45:28.548273	4
14	17	6	\N	2026-01-13 13:45:28.548273	2026-01-13 13:45:28.548273	4
14	17	7	\N	2026-01-13 13:45:28.548273	2026-01-13 13:45:28.548273	4
14	17	8	\N	2026-01-13 13:45:28.548273	2026-01-13 13:45:28.548273	4
14	17	9	\N	2026-01-13 13:45:28.548273	2026-01-13 13:45:28.548273	4
14	17	10	\N	2026-01-13 13:45:28.548273	2026-01-13 13:45:28.548273	4
14	17	11	\N	2026-01-13 13:45:28.548273	2026-01-13 13:45:28.548273	4
14	17	12	\N	2026-01-13 13:45:28.548273	2026-01-13 13:45:28.548273	4
14	17	13	\N	2026-01-13 13:45:28.548273	2026-01-13 13:45:28.548273	4
14	17	14	\N	2026-01-13 13:45:28.548273	2026-01-13 13:45:28.548273	4
14	17	15	\N	2026-01-13 13:45:28.548273	2026-01-13 13:45:28.548273	4
14	17	16	\N	2026-01-13 13:45:28.548273	2026-01-13 13:45:28.548273	4
14	17	17	\N	2026-01-13 13:45:28.548273	2026-01-13 13:45:28.548273	4
14	17	18	\N	2026-01-13 13:45:28.548273	2026-01-13 13:45:28.548273	4
14	17	19	\N	2026-01-13 13:45:28.548273	2026-01-13 13:45:28.548273	4
14	17	20	\N	2026-01-13 13:45:28.548273	2026-01-13 13:45:28.548273	4
14	18	1	\N	2026-01-13 13:45:28.548273	2026-01-13 13:45:28.548273	4
14	18	2	\N	2026-01-13 13:45:28.548273	2026-01-13 13:45:28.548273	4
14	18	3	\N	2026-01-13 13:45:28.548273	2026-01-13 13:45:28.548273	4
14	18	4	\N	2026-01-13 13:45:28.548273	2026-01-13 13:45:28.548273	4
14	18	5	\N	2026-01-13 13:45:28.548273	2026-01-13 13:45:28.548273	4
14	18	6	\N	2026-01-13 13:45:28.548273	2026-01-13 13:45:28.548273	4
14	18	7	\N	2026-01-13 13:45:28.548273	2026-01-13 13:45:28.548273	4
14	18	8	\N	2026-01-13 13:45:28.548273	2026-01-13 13:45:28.548273	4
14	18	9	\N	2026-01-13 13:45:28.548273	2026-01-13 13:45:28.548273	4
14	18	10	\N	2026-01-13 13:45:28.548273	2026-01-13 13:45:28.548273	4
14	18	11	\N	2026-01-13 13:45:28.548273	2026-01-13 13:45:28.548273	4
14	18	12	\N	2026-01-13 13:45:28.548273	2026-01-13 13:45:28.548273	4
14	18	13	\N	2026-01-13 13:45:28.548273	2026-01-13 13:45:28.548273	4
14	18	14	\N	2026-01-13 13:45:28.548273	2026-01-13 13:45:28.548273	4
14	18	15	\N	2026-01-13 13:45:28.548273	2026-01-13 13:45:28.548273	4
14	18	16	\N	2026-01-13 13:45:28.548273	2026-01-13 13:45:28.548273	4
14	18	17	\N	2026-01-13 13:45:28.548273	2026-01-13 13:45:28.548273	4
14	18	18	\N	2026-01-13 13:45:28.548273	2026-01-13 13:45:28.548273	4
14	18	19	\N	2026-01-13 13:45:28.548273	2026-01-13 13:45:28.548273	4
14	18	20	\N	2026-01-13 13:45:28.548273	2026-01-13 13:45:28.548273	4
14	19	1	\N	2026-01-13 13:45:28.548273	2026-01-13 13:45:28.548273	4
14	19	2	\N	2026-01-13 13:45:28.548273	2026-01-13 13:45:28.548273	4
14	19	3	\N	2026-01-13 13:45:28.548273	2026-01-13 13:45:28.548273	4
14	19	4	\N	2026-01-13 13:45:28.548273	2026-01-13 13:45:28.548273	4
14	19	5	\N	2026-01-13 13:45:28.548273	2026-01-13 13:45:28.548273	4
14	19	6	\N	2026-01-13 13:45:28.548273	2026-01-13 13:45:28.548273	4
14	19	7	\N	2026-01-13 13:45:28.548273	2026-01-13 13:45:28.548273	4
14	19	8	\N	2026-01-13 13:45:28.548273	2026-01-13 13:45:28.548273	4
14	19	9	\N	2026-01-13 13:45:28.548273	2026-01-13 13:45:28.548273	4
14	19	10	\N	2026-01-13 13:45:28.548273	2026-01-13 13:45:28.548273	4
14	19	11	\N	2026-01-13 13:45:28.548273	2026-01-13 13:45:28.548273	4
14	19	12	\N	2026-01-13 13:45:28.548273	2026-01-13 13:45:28.548273	4
14	19	13	\N	2026-01-13 13:45:28.548273	2026-01-13 13:45:28.548273	4
14	19	14	\N	2026-01-13 13:45:28.548273	2026-01-13 13:45:28.548273	4
14	19	15	\N	2026-01-13 13:45:28.548273	2026-01-13 13:45:28.548273	4
14	19	16	\N	2026-01-13 13:45:28.548273	2026-01-13 13:45:28.548273	4
14	19	17	\N	2026-01-13 13:45:28.548273	2026-01-13 13:45:28.548273	4
14	19	18	\N	2026-01-13 13:45:28.548273	2026-01-13 13:45:28.548273	4
14	19	19	\N	2026-01-13 13:45:28.548273	2026-01-13 13:45:28.548273	4
14	19	20	\N	2026-01-13 13:45:28.548273	2026-01-13 13:45:28.548273	4
14	20	1	\N	2026-01-13 13:45:28.548273	2026-01-13 13:45:28.548273	4
14	20	2	\N	2026-01-13 13:45:28.548273	2026-01-13 13:45:28.548273	4
14	20	3	\N	2026-01-13 13:45:28.548273	2026-01-13 13:45:28.548273	4
14	20	4	\N	2026-01-13 13:45:28.548273	2026-01-13 13:45:28.548273	4
14	20	5	\N	2026-01-13 13:45:28.548273	2026-01-13 13:45:28.548273	4
14	20	6	\N	2026-01-13 13:45:28.548273	2026-01-13 13:45:28.548273	4
14	20	7	\N	2026-01-13 13:45:28.548273	2026-01-13 13:45:28.548273	4
14	20	8	\N	2026-01-13 13:45:28.548273	2026-01-13 13:45:28.548273	4
14	20	9	\N	2026-01-13 13:45:28.548273	2026-01-13 13:45:28.548273	4
14	20	10	\N	2026-01-13 13:45:28.548273	2026-01-13 13:45:28.548273	4
14	20	11	\N	2026-01-13 13:45:28.548273	2026-01-13 13:45:28.548273	4
14	20	12	\N	2026-01-13 13:45:28.548273	2026-01-13 13:45:28.548273	4
14	20	13	\N	2026-01-13 13:45:28.548273	2026-01-13 13:45:28.548273	4
14	20	14	\N	2026-01-13 13:45:28.548273	2026-01-13 13:45:28.548273	4
14	20	15	\N	2026-01-13 13:45:28.548273	2026-01-13 13:45:28.548273	4
14	20	16	\N	2026-01-13 13:45:28.548273	2026-01-13 13:45:28.548273	4
14	20	17	\N	2026-01-13 13:45:28.548273	2026-01-13 13:45:28.548273	4
14	20	18	\N	2026-01-13 13:45:28.548273	2026-01-13 13:45:28.548273	4
14	20	19	\N	2026-01-13 13:45:28.548273	2026-01-13 13:45:28.548273	4
2	10	13	\N	2025-11-11 17:34:49.03586	2026-01-13 15:53:14.769898	4
14	5	16	187921cc-f5b9-44d9-93db-98fdeed2ea23	2026-01-13 13:45:28.548273	2026-01-14 11:41:04.673491	4
13	12	7	187921cc-f5b9-44d9-93db-98fdeed2ea23	2026-01-13 12:40:22.655836	2026-01-14 11:42:03.32348	4
14	1	9	\N	2026-01-13 13:45:28.548273	2026-01-14 11:42:11.44823	4
8	3	4	187921cc-f5b9-44d9-93db-98fdeed2ea23	2025-11-18 20:38:32.071479	2026-01-14 11:55:34.269062	6
14	20	20	\N	2026-01-13 13:45:28.548273	2026-01-14 11:56:21.320592	4
2	10	10	\N	2025-11-11 17:34:49.03586	2026-01-14 12:16:02.630093	4
13	10	15	bdfb6cc9-ba89-4250-bd7d-996a251c843f	2026-01-13 12:40:22.655836	2026-01-14 12:36:30.307569	4
\.


--
-- Name: cast_member_memberid_seq; Type: SEQUENCE SET; Schema: public; Owner: postgres
--

SELECT pg_catalog.setval('public.cast_member_memberid_seq', 9, true);


--
-- Name: cinema_session_sessionid_seq; Type: SEQUENCE SET; Schema: public; Owner: postgres
--

SELECT pg_catalog.setval('public.cinema_session_sessionid_seq', 15, true);


--
-- Name: genre_genreid_seq; Type: SEQUENCE SET; Schema: public; Owner: postgres
--

SELECT pg_catalog.setval('public.genre_genreid_seq', 5, true);


--
-- Name: hall_hallid_seq; Type: SEQUENCE SET; Schema: public; Owner: postgres
--

SELECT pg_catalog.setval('public.hall_hallid_seq', 12, true);


--
-- Name: movie_movieid_seq; Type: SEQUENCE SET; Schema: public; Owner: postgres
--

SELECT pg_catalog.setval('public.movie_movieid_seq', 8, true);


--
-- Name: profession_professionid_seq; Type: SEQUENCE SET; Schema: public; Owner: postgres
--

SELECT pg_catalog.setval('public.profession_professionid_seq', 3, true);


--
-- Name: alembic_version alembic_version_pkc; Type: CONSTRAINT; Schema: public; Owner: postgres
--

ALTER TABLE ONLY public.alembic_version
    ADD CONSTRAINT alembic_version_pkc PRIMARY KEY (version_num);


--
-- Name: cast_member cast_member_pkey; Type: CONSTRAINT; Schema: public; Owner: postgres
--

ALTER TABLE ONLY public.cast_member
    ADD CONSTRAINT cast_member_pkey PRIMARY KEY (memberid);


--
-- Name: cinema_session cinema_session_pkey; Type: CONSTRAINT; Schema: public; Owner: postgres
--

ALTER TABLE ONLY public.cinema_session
    ADD CONSTRAINT cinema_session_pkey PRIMARY KEY (sessionid);


--
-- Name: cinema_user cinema_user_pkey; Type: CONSTRAINT; Schema: public; Owner: postgres
--

ALTER TABLE ONLY public.cinema_user
    ADD CONSTRAINT cinema_user_pkey PRIMARY KEY (userid);


--
-- Name: country country_pkey; Type: CONSTRAINT; Schema: public; Owner: postgres
--

ALTER TABLE ONLY public.country
    ADD CONSTRAINT country_pkey PRIMARY KEY (countrycode);


--
-- Name: genre genre_pkey; Type: CONSTRAINT; Schema: public; Owner: postgres
--

ALTER TABLE ONLY public.genre
    ADD CONSTRAINT genre_pkey PRIMARY KEY (genreid);


--
-- Name: hall hall_pkey; Type: CONSTRAINT; Schema: public; Owner: postgres
--

ALTER TABLE ONLY public.hall
    ADD CONSTRAINT hall_pkey PRIMARY KEY (hallid);


--
-- Name: movie_cast movie_cast_pkey; Type: CONSTRAINT; Schema: public; Owner: postgres
--

ALTER TABLE ONLY public.movie_cast
    ADD CONSTRAINT movie_cast_pkey PRIMARY KEY (movieid, memberid);


--
-- Name: movie_countries movie_countries_pkey; Type: CONSTRAINT; Schema: public; Owner: postgres
--

ALTER TABLE ONLY public.movie_countries
    ADD CONSTRAINT movie_countries_pkey PRIMARY KEY (movieid, countrycode);


--
-- Name: movie_genres movie_genres_pkey; Type: CONSTRAINT; Schema: public; Owner: postgres
--

ALTER TABLE ONLY public.movie_genres
    ADD CONSTRAINT movie_genres_pkey PRIMARY KEY (movieid, genreid);


--
-- Name: movie movie_pkey; Type: CONSTRAINT; Schema: public; Owner: postgres
--

ALTER TABLE ONLY public.movie
    ADD CONSTRAINT movie_pkey PRIMARY KEY (movieid);


--
-- Name: profession profession_pkey; Type: CONSTRAINT; Schema: public; Owner: postgres
--

ALTER TABLE ONLY public.profession
    ADD CONSTRAINT profession_pkey PRIMARY KEY (professionid);


--
-- Name: seat seat_pkey; Type: CONSTRAINT; Schema: public; Owner: postgres
--

ALTER TABLE ONLY public.seat
    ADD CONSTRAINT seat_pkey PRIMARY KEY (hallid, rownumber, seatnumber);


--
-- Name: seat_status seat_status_pkey; Type: CONSTRAINT; Schema: public; Owner: postgres
--

ALTER TABLE ONLY public.seat_status
    ADD CONSTRAINT seat_status_pkey PRIMARY KEY (sessionid, rownumber, seatnumber);


--
-- Name: cast_member cast_member_countrycode_fkey; Type: FK CONSTRAINT; Schema: public; Owner: postgres
--

ALTER TABLE ONLY public.cast_member
    ADD CONSTRAINT cast_member_countrycode_fkey FOREIGN KEY (countrycode) REFERENCES public.country(countrycode);


--
-- Name: cast_member cast_member_professionid_fkey; Type: FK CONSTRAINT; Schema: public; Owner: postgres
--

ALTER TABLE ONLY public.cast_member
    ADD CONSTRAINT cast_member_professionid_fkey FOREIGN KEY (professionid) REFERENCES public.profession(professionid);


--
-- Name: cinema_session cinema_session_hallid_fkey; Type: FK CONSTRAINT; Schema: public; Owner: postgres
--

ALTER TABLE ONLY public.cinema_session
    ADD CONSTRAINT cinema_session_hallid_fkey FOREIGN KEY (hallid) REFERENCES public.hall(hallid) ON DELETE CASCADE;


--
-- Name: cinema_session cinema_session_movieid_fkey; Type: FK CONSTRAINT; Schema: public; Owner: postgres
--

ALTER TABLE ONLY public.cinema_session
    ADD CONSTRAINT cinema_session_movieid_fkey FOREIGN KEY (movieid) REFERENCES public.movie(movieid);


--
-- Name: movie_cast movie_cast_memberid_fkey; Type: FK CONSTRAINT; Schema: public; Owner: postgres
--

ALTER TABLE ONLY public.movie_cast
    ADD CONSTRAINT movie_cast_memberid_fkey FOREIGN KEY (memberid) REFERENCES public.cast_member(memberid);


--
-- Name: movie_cast movie_cast_movieid_fkey; Type: FK CONSTRAINT; Schema: public; Owner: postgres
--

ALTER TABLE ONLY public.movie_cast
    ADD CONSTRAINT movie_cast_movieid_fkey FOREIGN KEY (movieid) REFERENCES public.movie(movieid) ON DELETE CASCADE;


--
-- Name: movie_countries movie_countries_countrycode_fkey; Type: FK CONSTRAINT; Schema: public; Owner: postgres
--

ALTER TABLE ONLY public.movie_countries
    ADD CONSTRAINT movie_countries_countrycode_fkey FOREIGN KEY (countrycode) REFERENCES public.country(countrycode);


--
-- Name: movie_countries movie_countries_movieid_fkey; Type: FK CONSTRAINT; Schema: public; Owner: postgres
--

ALTER TABLE ONLY public.movie_countries
    ADD CONSTRAINT movie_countries_movieid_fkey FOREIGN KEY (movieid) REFERENCES public.movie(movieid) ON DELETE CASCADE;


--
-- Name: movie_genres movie_genres_genreid_fkey; Type: FK CONSTRAINT; Schema: public; Owner: postgres
--

ALTER TABLE ONLY public.movie_genres
    ADD CONSTRAINT movie_genres_genreid_fkey FOREIGN KEY (genreid) REFERENCES public.genre(genreid);


--
-- Name: movie_genres movie_genres_movieid_fkey; Type: FK CONSTRAINT; Schema: public; Owner: postgres
--

ALTER TABLE ONLY public.movie_genres
    ADD CONSTRAINT movie_genres_movieid_fkey FOREIGN KEY (movieid) REFERENCES public.movie(movieid) ON DELETE CASCADE;


--
-- Name: seat seat_hallid_fkey; Type: FK CONSTRAINT; Schema: public; Owner: postgres
--

ALTER TABLE ONLY public.seat
    ADD CONSTRAINT seat_hallid_fkey FOREIGN KEY (hallid) REFERENCES public.hall(hallid) ON DELETE CASCADE;


--
-- Name: seat_status seat_status_sessionid_fkey; Type: FK CONSTRAINT; Schema: public; Owner: postgres
--

ALTER TABLE ONLY public.seat_status
    ADD CONSTRAINT seat_status_sessionid_fkey FOREIGN KEY (sessionid) REFERENCES public.cinema_session(sessionid) ON DELETE CASCADE;


--
-- Name: seat_status seat_status_userid_fkey; Type: FK CONSTRAINT; Schema: public; Owner: postgres
--

ALTER TABLE ONLY public.seat_status
    ADD CONSTRAINT seat_status_userid_fkey FOREIGN KEY (userid) REFERENCES public.cinema_user(userid) ON DELETE SET NULL;


--
-- PostgreSQL database dump complete
--

